"","Beetle_ID","Color_Code","Collection_Site_Type","Plot_ID","Date_Starvation","Date_Release","Date_Collection","Treatment","Release_Site_Type","Release_Plot_ID","Cage_ID","Species","Status_In_Field","Date_Weight_In_Lab","Second_Date_Weight_in_Lab","Eggs","Notes","Starvation_days","Field_days","Weight","Weight_After_starvation","Weight_After_Field","Weight_After_Lab","Second_Weight_in_Lab","Weight_change_per_day_mg","avg_Temp_mean","avg_Temp_min","avg_Temp_max","avg_Hum_mean","avg_Hum_min","avg_Hum_max","avg_Dew_mean","avg_Dew_min","avg_Dew_max"
"1","B006","R-R-B-B","Woodland","BN",2025-06-04,2025-06-06,2025-06-09,"Competition","Woodland","MC","C3","Nebria brevicollis","Alive",NA,NA,NA,"Yes. Accidental blue streak between the top red dots. Still alive but died shortly after collection from the field.","2",3,94,82,78,NA,NA,-1.33333333333333,17.3461538461538,13.5,23.5,65.8076923076923,49.5,80,10.7230769230769,9.7,12.5
"2","B014","R-R-Y-B","Woodland","GT2",2025-06-11,2025-06-14,2025-06-17,"Control","Woodland","BN","C8","Abax parallelepipedus","Alive",NA,NA,NA,"Yes","3",3,272,230.5,148,NA,NA,-27.5,18.3645833333333,11.375,25.375,78.2291666666667,56.375,96,14.19375,9.725,17.4
"3","B056","R-Y-B-Y","Woodland","GT1",2025-06-19,2025-06-21,2025-06-24,"Competition","Woodland","MC","C23","Pterostichus madidus","Alive",2025-06-26,NA,NA,"Yes. Appears dead but small twitching of leg. Died a day later in the lab.","2",3,143,132,100,83,NA,-10.6666666666667,19.6145833333333,14.5,24.75,66.8854166666667,51.625,83.25,13.0427083333333,9.9,15.725
"4","B065","B-R-R-R","Woodland","MC",2025-06-19,2025-06-21,2025-06-24,"Competition","Woodland","BN","C6","Pterostichus madidus","Alive",2025-06-30,2025-07-10,NA,"Yes. This beetle was in a box deeper in soil ad had a lot of substrate. Died in the lab.","2",3,119,105,112,91,81,2.33333333333333,19.7864583333333,13.75,26.75,72.6145833333333,54,89,14.45,10.525,17.9
"5","B069","B-R-B-R","Grassland","NF2",2025-06-26,2025-06-27,2025-06-30,"Combined","Woodland","GT1","C16","Abax sp.","Alive",2025-07-10,2025-07-21,"No","Yes","1",3,638,584,598,534,434,4.66666666666667,21.7552083333333,15.75,29.75,85.9166666666667,66.125,97.75,19.1010416666667,15.1,23.65
"6","B070","B-R-B-B","Grassland","NF2",2025-06-26,2025-06-27,2025-06-30,"Translocation","Woodland","GT2","C11","Pterostichus madidus","Alive",2025-07-10,NA,"Yes","Yes. Close to laying eggs. Died in the lab.","1",3,148,131,108,71,NA,-7.66666666666667,21.2552083333333,16,27.625,75.2760416666667,57.25,90.125,16.4322916666667,13.575,18.95
"7","B074","B-R-G-B","Grassland","NF1",2025-06-26,2025-06-27,2025-06-30,"Combined","Woodland","GT2","C2","Abax parallelepipedus","Alive",2025-07-10,NA,"Yes","Yes. Close to laying eggs. Died in the lab.","1",3,340,288,273,204,NA,-5,21.2552083333333,16,27.625,75.2760416666667,57.25,90.125,16.4322916666667,13.575,18.95
"8","B075","B-R-G-G","Woodland","BN",2025-06-26,2025-06-27,2025-06-30,"Translocation","Grassland","LC","C24","Pterostichus madidus","Alive",NA,NA,"No","Yes","1",3,150,131,97,NA,NA,-11.3333333333333,27.359375,12.625,50.5,63.84375,22.5,96.5,17.2697916666667,11,24.1
"9","B079","B-R-Y-G","Woodland","GT2",2025-06-26,2025-06-27,2025-06-30,"Competition","Woodland","GT2","C9","Abax parallelepipedus","Alive",2025-07-10,NA,"No","Yes. Died in the lab.","1",3,320,266,252,182,NA,-4.66666666666667,21.2552083333333,16,27.625,75.2760416666667,57.25,90.125,16.4322916666667,13.575,18.95
"10","B082","B-B-R-B","Woodland","GT1",2025-06-26,2025-06-27,2025-06-30,"Competition","Woodland","GT2","C9","Abax sp.","Alive",2025-07-10,2025-07-21,"No","Yes. Slow movement might die soon. Died in the lab.","1",3,442,406,382,279,230,-8,21.2552083333333,16,27.625,75.2760416666667,57.25,90.125,16.4322916666667,13.575,18.95
"11","B088","B-B-B-Y","Grassland","NF2",2025-06-27,2025-06-28,2025-07-01,"Combined","Woodland","BN","C6","Pterostichus madidus","Alive",NA,NA,"No","Yes","1",3,117,103,87,NA,NA,-5.33333333333333,23.5,17.125,30.5,73.7552083333333,53.375,90.125,18.1958333333333,15.1,21.175
"12","B089","B-B-G-R","Grassland","NF2",2025-06-27,2025-06-28,2025-07-01,"Competition","Grassland","NF2","C14","Pterostichus madidus","Alive",NA,NA,"No","Yes. Accidentally made dots too big and small dot on leg","1",3,160,140,114,NA,NA,-8.66666666666667,29.4635416666667,12.625,55.125,65.5104166666667,23.75,99.625,19.5145833333333,11.925,29.05
"13","B090","B-B-G-B","Grassland","NF1",2025-06-27,2025-06-28,2025-07-01,"Control","Grassland","NF1","C1","Abax sp.","Alive",2025-07-08,NA,"No","Yes. Found in field weird leg twitching possibly dead or close to dying. Was eaten in the lab.","1",3,606,554,315,223,NA,-79.6666666666667,NA,NA,NA,NA,NA,NA,NA,NA,NA
"14","B092","B-B-G-Y","Grassland","NF1",2025-06-27,2025-06-28,2025-07-01,"Combined","Woodland","MC","C3","Abax parallelepipedus","Alive",NA,NA,"Yes","Yes. Close to laying eggs. Accidentally crushed with boot and killed in lab","1",3,354,254,195,NA,NA,-19.6666666666667,23.1197916666667,17.75,29,71.5104166666667,52.75,87.625,17.365625,15.325,19.1
"15","B095","B-B-Y-G","Woodland","BN",2025-06-27,2025-06-28,2025-07-01,"Translocation","Grassland","NF1","C7","Abax sp.","Alive",NA,NA,"No","Yes. Lowest pair of legs broken.","1",3,362,309,111,NA,NA,-66,NA,NA,NA,NA,NA,NA,NA,NA,NA
"16","B096","B-B-Y-Y","Woodland","BN",2025-06-27,2025-06-28,2025-07-01,"Competition","Woodland","BN","C8","Pterostichus madidus","Alive",NA,NA,"No","Yes","1",3,145,126,89,NA,NA,-12.3333333333333,23.5,17.125,30.5,73.7552083333333,53.375,90.125,18.1958333333333,15.1,21.175
"17","B097","B-G-R-R","Woodland","MC",2025-06-27,2025-06-28,2025-07-01,"Competition","Woodland","MC","C10","Abax sp.","Alive",2025-07-08,2025-07-21,"No","Yes","1",3,661,621,453,448,552,-56,23.1197916666667,17.75,29,71.5104166666667,52.75,87.625,17.365625,15.325,19.1
"18","B099","B-G-R-G","Woodland","MC",2025-06-27,2025-06-28,2025-07-01,"Combined","Woodland","MC","C3","Pterostichus madidus","Alive",NA,NA,"No","Yes","1",3,131,122,112,NA,NA,-3.33333333333333,23.1197916666667,17.75,29,71.5104166666667,52.75,87.625,17.365625,15.325,19.1
"19","B104","B-G-B-Y","Woodland","GT1",2025-06-27,2025-06-28,2025-07-01,"Combined","Woodland","MC","C23","Abax parallelepipedus","Alive",2025-07-08,2025-07-21,"No","Yes. Small twitching might die soon. Died in the lab 28/07/2025.","1",3,284,268,236,218,206,-10.6666666666667,23.1197916666667,17.75,29,71.5104166666667,52.75,87.625,17.365625,15.325,19.1
"20","B105","B-G-G-R","Woodland","GT1",2025-06-27,2025-06-28,2025-07-01,"Competition","Woodland","BN","C8","Abax parallelepipedus","Alive",2025-07-08,2025-07-21,"No","Yes. Found dead in the lab when checking weight on 21/07/2025.","1",3,342,308,232,214,167,-25.3333333333333,23.5,17.125,30.5,73.7552083333333,53.375,90.125,18.1958333333333,15.1,21.175
"21","B106","B-G-G-B","Woodland","GT1",2025-06-27,2025-06-28,2025-07-01,"Translocation","Grassland","NF2","C21","Abax parallelepipedus","Alive",2025-07-08,NA,"No","Yes","1",3,339,296,276,287,NA,-6.66666666666667,29.4635416666667,12.625,55.125,65.5104166666667,23.75,99.625,19.5145833333333,11.925,29.05
"22","B108","B-G-G-Y","Woodland","GT2",2025-07-03,2025-07-04,2025-07-08,"Competition","Woodland","BN","C25","Abax parallelepipedus","Alive",2025-08-04,NA,"No","Yes","1",4,295,278,302,262,NA,6,18.025,12.3,23.9,72.0125,53.8,90,12.4933333333333,8.88,15.26
"23","B117","B-Y-B-R","Woodland","GT1",2025-07-03,2025-07-04,2025-07-08,"Competition","Woodland","GT2","C22","Abax sp.","Alive",2025-07-21,NA,"No","Yes. Died in the lab. Body was broken.","1",4,741,659,537,471,NA,-30.5,17.2208333333333,12.9,21.8,74.6666666666667,56.5,89.8,12.3758333333333,9.94,14.74
"24","B118","B-Y-B-B","Woodland","GT1",2025-07-03,2025-07-04,2025-07-08,"Competition","Woodland","BN","C25","Pterostichus madidus","Alive",NA,NA,"No","Yes","1",4,121,130,135,NA,NA,1.25,18.025,12.3,23.9,72.0125,53.8,90,12.4933333333333,8.88,15.26
"25","B123","B-Y-G-G","Woodland","GT1",2025-07-03,2025-07-04,2025-07-08,"Combined","Woodland","MC","C26","Pterostichus madidus","Alive",NA,NA,"No","Yes","1",4,142,122,132,NA,NA,2.5,17.5375,13.1,22,74.1458333333333,55,89.9,12.4625,10.14,14.82
"26","B150","G-B-B-B","Woodland","BN",2025-07-17,2025-07-18,2025-07-21,"Control","Woodland","GT2","C22","Abax parallelepipedus","Alive",2025-07-28,NA,"No","Yes. Died in the lab.","1",3,275,261,309,255,NA,16,17.7864583333333,14.625,21.75,91.1979166666667,68.625,99.75,16.1458333333333,13.6,18.45
"27","B151","G-B-B-G","Woodland","BN",2025-07-17,2025-07-18,2025-07-21,"Translocation","Grassland","CF","C13","Pterostichus madidus","Alive",2025-07-28,NA,"No","Yes. Died in the lab.","1",3,119,111,89,71,NA,-7.33333333333333,22.734375,11.5,39.875,75.0208333333333,32.875,100,16.253125,10.25,22.625
"28","B153","G-B-G-R","Woodland","BN",2025-07-17,2025-07-18,2025-07-21,"Translocation","Grassland","NF1","C1","Pterostichus madidus","Alive",NA,NA,"No","Yes","1",3,117,110,126,NA,NA,5.33333333333333,NA,NA,NA,NA,NA,NA,NA,NA,NA
"29","B154","G-B-G-B","Woodland","BN",2025-07-17,2025-07-18,2025-07-21,"Translocation","Grassland","NF2","C14","Pterostichus madidus","Alive",NA,NA,"No","Yes","1",3,144,132,143,NA,NA,3.66666666666667,22.5052083333333,9,45.625,78.6822916666667,32.75,100,16.9239583333333,8.175,27.6
"30","B158","G-B-Y-B","Woodland","MC",2025-07-03,2025-07-04,2025-07-08,"Competition","Woodland","MC","C23","Abax parallelepipedus","Alive",2025-07-21,NA,"No","Yes. Died in the lab.","1",4,279,266,229,211,NA,-9.25,17.5375,13.1,22,74.1458333333333,55,89.9,12.4625,10.14,14.82
"31","B161","G-G-R-R","Grassland","NF1",2025-07-03,2025-07-04,2025-07-08,"Combined","Woodland","MC","C26","Abax parallelepipedus","Alive",2025-07-21,2025-07-28,"No","Yes. Injured with crack on abdomen.","1",4,320,291,296,288,271,1.25,17.5375,13.1,22,74.1458333333333,55,89.9,12.4625,10.14,14.82
"32","B167","G-G-B-G","Grassland","NF1",2025-07-03,2025-07-04,2025-07-08,"Combined","Woodland","GT2","C2","Abax sp.","Alive",2025-07-21,NA,"No","Yes. Died in the lab. Another beetle was latched on it. It possibly killed it.","1",4,664,605,385,278,NA,-55,17.2208333333333,12.9,21.8,74.6666666666667,56.5,89.8,12.3758333333333,9.94,14.74
"33","B179","G-Y-R-G","Woodland","GT1",2025-07-17,2025-07-18,2025-07-21,"Translocation","Grassland","NF2","C21","Abax parallelepipedus","Alive",NA,NA,"No","Yes","1",3,312,293,325,NA,NA,10.6666666666667,22.5052083333333,9,45.625,78.6822916666667,32.75,100,16.9239583333333,8.175,27.6
"34","B181","G-Y-B-R","Woodland","GT1",2025-07-17,2025-07-18,2025-07-21,"Translocation","Grassland","NF1","C28","Abax parallelepipedus","Alive",2025-07-28,NA,"No","Yes","1",3,335,323,361,351,NA,12.6666666666667,NA,NA,NA,NA,NA,NA,NA,NA,NA
"35","B182","G-Y-B-B","Woodland","GT2",2025-07-17,2025-07-18,2025-07-21,"Control","Woodland","GT2","C9","Pterostichus madidus","Alive",2025-07-28,NA,"No","Yes","1",3,155,148,144,151,NA,-1.33333333333333,17.7864583333333,14.625,21.75,91.1979166666667,68.625,99.75,16.1458333333333,13.6,18.45
"36","B183","G-Y-B-G","Woodland","GT2",2025-07-17,2025-07-18,2025-07-21,"Control","Woodland","BN","C25","Abax parallelepipedus","Alive",NA,NA,"No","Yes","1",3,263,251,277,NA,NA,8.66666666666667,18.53125,14.125,23.875,90.3854166666667,68.75,100,16.66875,13.675,19.775
"37","B185","G-Y-G-R","Woodland","GT2",2025-07-17,2025-07-18,2025-07-21,"Control","Woodland","GT1","C12","Pterostichus madidus","Alive",NA,NA,"No","Yes","1",3,113,116,119,NA,NA,1,18.75,14.375,26,94.7291666666667,77.625,100,17.7364583333333,14.3,24.725
"38","B186","G-Y-G-B","Woodland","GT2",2025-07-17,2025-07-18,2025-07-21,"Control","Woodland","MC","C3","Pterostichus madidus","Alive",NA,NA,"No","Yes. Accidental green dot on the right on abdomen.","1",3,109,102,98,NA,NA,-1.33333333333333,17.8958333333333,14.625,21.625,92.1510416666667,72.75,100,16.4072916666667,14.425,18.925
"39","B187","G-Y-G-G","Woodland","GT2",2025-07-17,2025-07-18,2025-07-21,"Control","Woodland","MC","C23","Pterostichus madidus","Alive",NA,NA,"No","Yes.","1",3,110,112,121,NA,NA,3,17.8958333333333,14.625,21.625,92.1510416666667,72.75,100,16.4072916666667,14.425,18.925
"40","B189","G-Y-Y-R","Grassland","CF",2025-07-24,2025-07-25,2025-07-28,"Translocation","Woodland","GT1","C16","Abax sp.","Alive",2025-08-04,2025-08-12,"No","Yes. Injured hind legs, moving weird. Injured hind legs broke.","1",3,424,397,370,317,290,-9,18.1458333333333,13,23.5,89.4270833333333,74.875,98.625,16.28125,12.55,19.85
"41","B194","Y-R-R-B","Grassland","NF1",2025-07-10,2025-07-11,2025-07-14,"Control","Grassland","NF1","C18","Abax sp.","Alive",2025-07-21,2025-07-28,"No","Yes","1",3,565,454,430,478,357,-8,NA,NA,NA,NA,NA,NA,NA,NA,NA
"42","B195","Y-R-R-G","Grassland","NF1",2025-07-10,2025-07-11,2025-07-14,"Control","Grassland","NF2","C15","Abax parallelepipedus","Alive",2025-07-21,NA,"No","Yes. Small twitching movement. Might die soon. Died in the lab.","1",3,313,259,242,211,NA,-5.66666666666667,26.4947916666667,6.75,54.5,62.9375,20.25,100,15.4229166666667,5.725,25.375
"43","B196","Y-R-R-Y","Grassland","NF1",2025-07-24,2025-07-25,2025-07-28,"Translocation","Woodland","GT2","C11","Pterostichus madidus","Alive",NA,NA,"No","Yes","1",3,155,146,140,NA,NA,-2,17.3229166666667,13,21.125,85.359375,71.625,95.375,14.7229166666667,12.05,16.85
"44","B200","Y-R-B-Y","Grassland","NF1",2025-07-24,2025-07-25,2025-07-28,"Competition","Grassland","LC","C27","Pterostichus madidus","Alive",NA,NA,"No","Yes","1",3,140,119,134,NA,NA,5,20.9010416666667,8.875,36.625,67.875,32.25,96.25,13.3041666666666,7.925,18.725
"45","B201","Y-R-G-R","Grassland","NF1",2025-07-24,2025-07-25,2025-07-28,"Competition","Grassland","LC","C19","Pterostichus madidus","Alive",NA,NA,"Yes","Yes. Still crying eggs after being collected from the field. Accidental yellow dot on bottom left of abdomen.","1",3,205,195,238,NA,NA,14.3333333333333,20.9010416666667,8.875,36.625,67.875,32.25,96.25,13.3041666666666,7.925,18.725
"46","B202","Y-R-G-B","Grassland","NF2",2025-07-24,2025-07-25,2025-07-28,"Combined","Grassland","LC","C24","Abax parallelepipedus","Alive",2025-08-04,2025-08-12,"No","Yes","1",3,322,308,306,285,259,-0.666666666666667,20.9010416666667,8.875,36.625,67.875,32.25,96.25,13.3041666666666,7.925,18.725
"47","B204","Y-R-G-Y","Grassland","NF2",2025-07-24,2025-07-25,2025-07-28,"Combined","Grassland","LC","C20","Pterostichus madidus","Alive",NA,NA,"No","Yes","1",3,145,135,144,NA,NA,3,20.9010416666667,8.875,36.625,67.875,32.25,96.25,13.3041666666666,7.925,18.725
"48","B205","Y-R-Y-R","Grassland","NF2",2025-07-24,2025-07-25,2025-07-28,"Combined","Grassland","CF","C17","Pterostichus madidus","Alive",NA,NA,"No","Yes","1",3,150,148,147,NA,NA,-0.333333333333333,21.6354166666667,10,35.875,68.0208333333333,35.375,97.125,14.2166666666667,9.025,19.425
"49","B206","Y-R-Y-B","Grassland","NF2",2025-07-24,2025-07-25,2025-07-28,"Competition","Grassland","LC","C19","Abax parallelepipedus","Alive",2025-08-04,NA,"No","Yes. Accidental yellow dot on thorax. Died in the lab 04/08/2025. Was eaten by other beetles.","1",3,358,322,351,157,NA,9.66666666666667,20.9010416666667,8.875,36.625,67.875,32.25,96.25,13.3041666666666,7.925,18.725
"50","B207","Y-R-Y-G","Grassland","NF2",2025-07-24,2025-07-25,2025-07-28,"Competition","Grassland","LC","C27","Abax sp.","Alive",2025-08-04,NA,"No","Yes. Minimal movement, might die soon. Died in the lab 04/08/2025. Was infected with something.","1",3,675,647,618,460,NA,-9.66666666666667,20.9010416666667,8.875,36.625,67.875,32.25,96.25,13.3041666666666,7.925,18.725
"51","B210","Y-B-R-B","Woodland","GT1",2025-07-24,2025-07-25,2025-07-28,"Control","Woodland","GT1","C4","Abax parallelepipedus","Alive",2025-08-04,2025-08-12,"No","Yes","1",3,265,249,270,254,218,7,18.1458333333333,13,23.5,89.4270833333333,74.875,98.625,16.28125,12.55,19.85
"52","B211","Y-B-R-G","Woodland","GT1",2025-07-24,2025-07-25,2025-07-28,"Control","Woodland","GT2","C2","Abax parallelepipedus","Alive",2025-08-04,NA,"No","Yes. Died in the lab.","1",3,269,251,247,224,NA,-1.33333333333333,17.3229166666667,13,21.125,85.359375,71.625,95.375,14.7229166666667,12.05,16.85
"53","B212","Y-B-R-Y","Woodland","MC",2025-07-24,2025-07-25,2025-07-28,"Combined","Grassland","CF","C5","Pterostichus madidus","Alive",2025-08-04,NA,"No","Yes. Died in the lab.","1",3,128,121,128,96,NA,2.33333333333333,21.6354166666667,10,35.875,68.0208333333333,35.375,97.125,14.2166666666667,9.025,19.425
"54","B213","Y-B-B-R","Woodland","MC",2025-07-24,2025-07-25,2025-07-28,"Control","Woodland","GT1","C12","Pterostichus madidus","Alive",NA,NA,"No","Yes","1",3,158,148,154,NA,NA,2,18.1458333333333,13,23.5,89.4270833333333,74.875,98.625,16.28125,12.55,19.85
"55","B214","Y-B-B-B","Woodland","MC",2025-07-24,2025-07-25,2025-07-28,"Control","Woodland","GT2","C22","Pterostichus madidus","Alive",2025-08-04,NA,"No","Yes","1",3,123,111,113,107,NA,0.666666666666667,17.3229166666667,13,21.125,85.359375,71.625,95.375,14.7229166666667,12.05,16.85
"56","B215","Y-B-B-G","Woodland","BN",2025-07-24,2025-07-25,2025-07-28,"Combined","Grassland","LC","C20","Abax parallelepipedus","Alive",NA,NA,"No","Yes","1",3,280,266,298,NA,NA,10.6666666666667,20.9010416666667,8.875,36.625,67.875,32.25,96.25,13.3041666666666,7.925,18.725
"57","B218","Y-B-G-B","Woodland","BN",2025-07-24,2025-07-25,2025-07-28,"Control","Woodland","GT2","C9","Pterostichus madidus","Alive",NA,NA,"No","Yes","1",3,100,99,93,NA,NA,-2,17.3229166666667,13,21.125,85.359375,71.625,95.375,14.7229166666667,12.05,16.85
"58","B219","Y-B-G-G","Woodland","GT2",2025-07-25,2025-07-26,2025-07-29,"Control","Woodland","BN","C8","Abax parallelepipedus","Alive",2025-08-04,NA,"No","Yes. Died in the lab.","1",3,390,331,328,296,NA,-1,17.6041666666667,12,22.875,79.9270833333333,62.5,93.75,13.871875,10.625,16.475
"59","B222","Y-B-Y-B","Woodland","GT1",2025-07-25,2025-07-26,2025-07-29,"Combined","Grassland","NF2","C21","Abax parallelepipedus","Alive",2025-08-04,NA,"No","Yes. Slow movement might die soon. Died in the lab 04/08/2025.","1",3,253,219,207,189,NA,-4,19.6302083333333,6.375,39,75.4010416666667,39.375,100,14.0583333333333,5.7,22
"60","B224","Y-B-Y-Y","Grassland","NF1",2025-07-25,2025-07-26,2025-07-29,"Translocation","Woodland","MC","C26","Pterostichus madidus","Alive",NA,NA,"No","Yes","1",3,134,121,108,NA,NA,-4.33333333333333,17.0572916666667,12.75,20.625,82.5833333333333,67.625,94.5,13.9229166666666,11.675,15.7
"61","B229","Y-G-B-R","Grassland","NF2",2025-07-25,2025-07-26,2025-07-29,"Translocation","Woodland","MC","C3","Abax sp.","Alive",2025-08-04,2025-08-12,"No","Yes","1",3,441,400,391,381,336,-3,17.0572916666667,12.75,20.625,82.5833333333333,67.625,94.5,13.9229166666666,11.675,15.7
"62","B235","Y-G-G-G","Grassland","NF1",2025-07-31,2025-08-01,2025-08-04,"Control","Grassland","LC","C20","Abax sp.","Alive",2025-08-12,NA,"No","Yes","1",3,354,345,371,319,NA,8.66666666666667,18.3177083333333,7.375,31.5,76.390625,46.25,100,13.1604166666667,7.05,18.2
"63","B236","Y-G-G-Y","Grassland","NF1",2025-07-31,2025-08-01,2025-08-04,"Translocation","Woodland","MC","C10","Abax parallelepipedus","Alive",NA,NA,"No","Yes","1",3,330,309,293,NA,NA,-5.33333333333333,16.6822916666667,12.5,21.375,87.9895833333333,71.75,97.5,14.5916666666667,12.025,17.075
"64","B237","Y-G-Y-R","Grassland","NF1",2025-07-31,2025-08-01,2025-08-04,"Control","Grassland","NF1","C1","Abax parallelepipedus","Alive",NA,NA,"No","Yes","1",3,315,284,311,NA,NA,9,NA,NA,NA,NA,NA,NA,NA,NA,NA
"65","B238","Y-G-Y-B","Grassland","NF1",2025-07-31,2025-08-01,2025-08-04,"Control","Grassland","NF2","C14","Abax parallelepipedus","Alive",NA,NA,"No","Yes","1",3,265,259,277,NA,NA,6,17.984375,5.25,34.75,80.7417279411764,48.875,100,13.8526348039215,4.675,21.825
"66","B240","Y-G-Y-Y","Grassland","NF1",2025-07-31,2025-08-01,2025-08-04,"Competition","Grassland","CF","C13","Pterostichus madidus","Alive",NA,NA,"No","Yes","1",3,150,136,129,NA,NA,-2.33333333333333,18.5572916666667,8.125,31.75,77.890625,49.625,100,13.9104166666667,7.3,19.5
"67","B242","Y-Y-R-B","Grassland","NF2",2025-07-31,2025-08-01,2025-08-04,"Translocation","Woodland","GT2","C2","Abax sp.","Alive",2025-08-12,NA,"No","Yes","1",3,567,538,501,479,NA,-12.3333333333333,16.3020833333333,11.875,21.375,89.21875,74.875,98.125,14.4458333333334,11.425,17.025
"68","B243","Y-Y-R-G","Grassland","NF2",2025-07-31,2025-08-01,2025-08-04,"Control","Grassland","LC","C24","Abax sp.","Alive",2025-08-12,NA,"Yes","Yes","1",3,822,760,721,679,NA,-13,18.3177083333333,7.375,31.5,76.390625,46.25,100,13.1604166666667,7.05,18.2
"69","B245","Y-Y-B-R","Grassland","NF2",2025-07-31,2025-08-01,2025-08-04,"Control","Grassland","NF2","C15","Abax sp.","Alive",2025-08-12,NA,"Yes","Yes","1",3,1078,982,936,854,NA,-15.3333333333333,17.984375,5.25,34.75,80.7417279411764,48.875,100,13.8526348039215,4.675,21.825
"70","B247","Y-Y-B-G","Grassland","NF2",2025-07-31,2025-08-01,2025-08-04,"Translocation","Woodland","GT2","C9","Pterostichus madidus","Alive",NA,NA,"Yes","Yes","1",3,144,131,119,NA,NA,-4,16.3020833333333,11.875,21.375,89.21875,74.875,98.125,14.4458333333334,11.425,17.025
"71","B250","Y-Y-G-B","Grassland","LC",2025-07-31,2025-08-01,2025-08-04,"Translocation","Woodland","GT2","C22","Calathus fuscipes","Alive",2025-08-12,NA,"No","Yes","1",3,82,81,95,81,NA,4.66666666666667,16.3020833333333,11.875,21.375,89.21875,74.875,98.125,14.4458333333334,11.425,17.025
"72","B252","Y-Y-G-Y","Woodland","MC",2025-07-31,2025-08-01,2025-08-04,"Competition","Woodland","BN","C25","Pterostichus madidus","Alive",NA,NA,"No","Yes","1",3,122,123,132,NA,NA,3,17.2135416666667,11.75,22.875,84.921875,67.5,97.125,14.5177083333333,11.1,17.3
"73","B253","Y-Y-Y-R","Woodland","BN",2025-07-31,2025-08-01,2025-08-04,"Control","Woodland","MC","C26","Pterostichus madidus","Alive",NA,NA,"No","Yes. Slow twitchy movement might die soon","1",3,118,112,104,NA,NA,-2.66666666666667,16.6822916666667,12.5,21.375,87.9895833333333,71.75,97.5,14.5916666666667,12.025,17.075
"74","B258","R-R-R-B","Woodland","MC",2025-07-31,2025-08-01,2025-08-04,"Competition","Woodland","GT1","C12","Pterostichus madidus","Alive",NA,NA,"No","Yes","1",3,140,135,138,NA,NA,1,16.953125,12,22.875,89.921875,74.25,98.875,15.1958333333333,11.7,19.15
"75","B002","R-R-R-B","Grassland","NF1",2025-06-04,2025-06-06,2025-06-09,"Competition","Grassland","NF1","C7","Abax sp.","Dead",NA,NA,NA,"Yes. Found dead in the field.","2",3,384,270,251,NA,NA,-6.33333333333333,19.6923076923077,13.5,25,61.2692307692308,46.5,90,11.6153846153846,10.3,13.1
"76","B005","R-R-B-R","Woodland","GT1",2025-06-04,2025-06-06,2025-06-09,"Translocation","Grassland","CF","C5","Abax parallelepipedus","Dead",NA,NA,NA,"Yes. Found dead in the field.","2",3,307,246,170,NA,NA,-25.3333333333333,23.5384615384615,12,34.5,54.3076923076923,34,84.5,13.0923076923077,9.5,16.4
"77","B009","R-R-G-R","Grassland","NF1",2025-06-11,2025-06-13,2025-06-16,"Competition","Grassland","CF","C5","Abax sp.","Dead",NA,NA,NA,"Yes. Found dead in the field.","2",3,482.5,425,221,NA,NA,-68,23.734375,7.25,45.875,63.7864583333333,23.875,99.625,14.0927083333333,5.7,23.1
"78","B010","R-R-G-B","Grassland","NF1",2025-06-11,2025-06-13,2025-06-16,"Control","Grassland","CF","C13","Abax parallelepipedus","Dead",NA,NA,NA,"Yes. Found dead in the field.","2",3,256,222,93,NA,NA,-43,23.734375,7.25,45.875,63.7864583333333,23.875,99.625,14.0927083333333,5.7,23.1
"79","B012","R-R-G-Y","Grassland","NF1",2025-06-11,2025-06-13,2025-06-16,"Combined","Grassland","NF2","C15","Nebria brevicollis","Dead",NA,NA,NA,"Yes. Found dead in the field.","2",3,83,75,46,NA,NA,-9.66666666666667,23.4114583333333,4.25,48.75,66.3125,24.125,99.875,14.2510416666667,3.15,24.7
"80","B013","R-R-Y-R","Woodland","GT2",2025-06-11,2025-06-13,2025-06-16,"Combined","Woodland","GT1","C16","Abax parallelepipedus","Dead",NA,NA,NA,"Yes. Found dead in the field.","2",3,301,244,187,NA,NA,-19,18.7135416666667,12.375,29.25,86.421875,66.125,98.125,16.2229166666666,11.625,22.4
"81","B015","R-R-Y-G","Woodland","GT2",2025-06-11,2025-06-13,2025-06-16,"Translocation","Grassland","LC","C20","Abax parallelepipedus","Dead",NA,NA,NA,"Yes. Found dead in the field.","2",3,309,256,132.5,NA,NA,-41.1666666666667,21.828125,6.625,45.375,68.3385416666667,24.375,100,13.49375,5.6,22.025
"82","B016","R-R-Y-Y","Woodland","GT2",2025-06-11,2025-06-13,2025-06-16,"Competition","Woodland","GT1","C12","Abax parallelepipedus","Dead",NA,NA,NA,"Yes. Found dead in the field.","2",3,294,272,216,NA,NA,-18.6666666666667,18.7135416666667,12.375,29.25,86.421875,66.125,98.125,16.2229166666666,11.625,22.4
"83","B017","R-B-R-R","Woodland","GT2",2025-06-11,2025-06-14,2025-06-17,"Control","Woodland","MC","C10","Abax parallelepipedus","Dead",NA,NA,NA,"Yes. Found dead in the field.","3",3,303,275,173,NA,NA,-34,18.140625,12.5,23.75,72.09375,50,92.75,12.6333333333333,10.075,14.725
"84","B018","R-B-R-B","Woodland","GT2",2025-06-11,2025-06-13,2025-06-16,"Translocation","Grassland","LC","C19","Abax parallelepipedus","Dead",NA,NA,NA,"Yes. Found dead in the field.","2",3,296,256,123,NA,NA,-44.3333333333333,21.828125,6.625,45.375,68.3385416666667,24.375,100,13.49375,5.6,22.025
"85","B019","R-B-R-G","Woodland","GT2",2025-06-11,2025-06-13,2025-06-16,"Control","Woodland","GT2","C2","Abax parallelepipedus","Dead",NA,NA,NA,"Yes. Found dead in the field.","2",3,278,243,175,NA,NA,-22.6666666666667,17.8333333333333,12.25,23.625,75.8072916666667,54.875,92.75,13.215625,10.075,15.625
"86","B020","R-B-R-Y","Woodland","GT2",2025-06-11,2025-06-13,2025-06-16,"Competition","Woodland","GT1","C12","Abax parallelepipedus","Dead",NA,NA,NA,"Yes. Found dead in the field. There were 2 beetles with no markings so I couldn’t tell which beetle it was but most likely this one due the amount of weight loss.","2",3,283,256,209,NA,NA,-15.6666666666667,18.7135416666667,12.375,29.25,86.421875,66.125,98.125,16.2229166666666,11.625,22.4
"87","B021","R-B-B-R","Woodland","GT2",2025-06-11,2025-06-13,2025-06-16,"Control","Woodland","GT2","C9","Abax parallelepipedus","Dead",NA,NA,NA,"Yes. Found dead in the field. There were 2 beetles with no markings so I couldn’t tell which beetle it was but most likely this one due the amount of weight loss.","2",3,261,224,159,NA,NA,-21.6666666666667,17.8333333333333,12.25,23.625,75.8072916666667,54.875,92.75,13.215625,10.075,15.625
"88","B022","R-B-B-B","Woodland","GT2",2025-06-11,2025-06-13,2025-06-16,"Translocation","Grassland","NF2","C21","Pterostichus madidus","Dead",NA,NA,NA,"Yes. Found dead in the field.","2",3,113,102,68,NA,NA,-11.3333333333333,23.4114583333333,4.25,48.75,66.3125,24.125,99.875,14.2510416666667,3.15,24.7
"89","B023","R-B-B-G","Woodland","GT2",2025-06-11,2025-06-13,2025-06-16,"Translocation","Grassland","NF1","C18","Nebria brevicollis","Dead",NA,NA,NA,"Yes. Found dead in the field.","2",3,76,71,37,NA,NA,-11.3333333333333,18.609375,12.25,39.875,88.15625,52.125,100,16.2010416666667,12.05,27.75
"90","B026","R-B-G-B","Grassland","CF",2025-06-11,2025-06-13,2025-06-16,"Translocation","Woodland","GT1","C4","Abax parallelepipedus","Dead",NA,NA,NA,"Yes. Found dead in the field.","2",3,249,197,155,NA,NA,-14,18.7135416666667,12.375,29.25,86.421875,66.125,98.125,16.2229166666666,11.625,22.4
"91","B027","R-B-G-G","Woodland","MC",2025-06-11,2025-06-13,2025-06-16,"Combined","Grassland","NF2","C12","Abax parallelepipedus","Dead",NA,NA,NA,"Yes. Found dead in the field.","2",3,261,214,121,NA,NA,-31,23.4114583333333,4.25,48.75,66.3125,24.125,99.875,14.2510416666667,3.15,24.7
"92","B028","R-B-G-Y","Woodland","MC",2025-06-11,2025-06-13,2025-06-16,"Competition","Woodland","GT2","C11","Pterostichus madidus","Dead",NA,NA,NA,"Yes. Found dead in the field.","2",3,139,117,86,NA,NA,-10.3333333333333,17.8333333333333,12.25,23.625,75.8072916666667,54.875,92.75,13.215625,10.075,15.625
"93","B029","R-B-Y-R","Woodland","BN",2025-06-11,2025-06-13,2025-06-16,"Translocation","Grassland","NF1","C1","Nebria brevicollis","Dead",NA,NA,NA,"Yes. Found dead in the field.","2",3,70,65,39,NA,NA,-8.66666666666667,18.609375,12.25,39.875,88.15625,52.125,100,16.2010416666667,12.05,27.75
"94","B030","R-B-Y-B","Woodland","BN",2025-06-11,2025-06-14,2025-06-17,"Control","Woodland","MC","C3","Pterostichus madidus","Dead",NA,NA,NA,"Yes. Accidental red dot at the bottom mixed with the yellow. Found dead in the field.","3",3,136,115,82,NA,NA,-11,18.140625,12.5,23.75,72.09375,50,92.75,12.6333333333333,10.075,14.725
"95","B031","R-B-Y-G","Grassland","NF2",2025-06-11,2025-06-13,2025-06-16,"Competition","Grassland","CF","C5","Abax parallelepipedus","Dead",NA,NA,NA,"Yes. Found dead in the field.","2",3,286.5,241,106,NA,NA,-45,23.734375,7.25,45.875,63.7864583333333,23.875,99.625,14.0927083333333,5.7,23.1
"96","B034","R-G-R-B","Grassland","NF2",2025-06-11,2025-06-13,2025-06-16,"Control","Grassland","NF2","C14","Nebria brevicollis","Dead",NA,NA,NA,"Yes. Found dead in the field.","2",3,66,59,32,NA,NA,-9,23.4114583333333,4.25,48.75,66.3125,24.125,99.875,14.2510416666667,3.15,24.7
"97","B035","R-G-R-G","Woodland","BN",2025-06-18,2025-06-20,2025-06-23,"Translocation","Grassland","CF","C13","Abax parallelepipedus","Dead",NA,NA,NA,"Yes. Testing release without nail polish. Found dead in the field.","2",3,265,229,127,NA,NA,-34,25.9010416666667,9.75,47.75,53.5104166666667,19.5,94.25,13.1864583333334,7.15,18.8
"98","B037","R-G-B-R","Woodland","GT1",2025-06-18,2025-06-20,2025-06-23,"Translocation","Grassland","LC","C20","Abax parallelepipedus","Dead",NA,NA,NA,"Yes. Testing release without nail polish. Found dead in the field.","2",3,298,259,126,NA,NA,-44.3333333333333,23.4114583333333,9.25,45,61.4427083333333,22,95.125,13.409375,6.825,19.525
"99","B040","R-G-B-Y","Grassland","NF1",2025-06-18,2025-06-20,2025-06-23,"Combined","Grassland","CF","C17","Abax parallelepipedus","Dead",NA,NA,NA,"Yes. Testing release without nail polish. Found dead in the field.","2",3,275,234,98,NA,NA,-45.3333333333333,25.9010416666667,9.75,47.75,53.5104166666667,19.5,94.25,13.1864583333334,7.15,18.8
"100","B041","R-G-G-R","Grassland","NF1",2025-06-18,2025-06-20,2025-06-23,"Combined","Woodland","GT2","C2","Abax sp.","Dead",NA,NA,NA,"Yes. Testing release without nail polish. Found dead in the field.","2",3,562,501,320,NA,NA,-60.3333333333333,19.734375,14.375,24.75,69.1979166666667,51.125,85.25,13.6635416666667,10.875,16.15
"101","B042","R-G-G-B","Grassland","NF1",2025-06-18,2025-06-20,2025-06-23,"Control","Grassland","LC","C24","Abax parallelepipedus","Dead",NA,NA,NA,"Yes. Testing release without nail polish. Found dead in the field.","2",3,299,248,103,NA,NA,-48.3333333333333,23.4114583333333,9.25,45,61.4427083333333,22,95.125,13.409375,6.825,19.525
"102","B043","R-G-G-G","Grassland","NF1",2025-06-18,2025-06-20,2025-06-23,"Combined","Woodland","GT1","C4","Abax parallelepipedus","Dead",NA,NA,NA,"Yes. Testing release without nail polish. Found dead in the field.","2",3,294,238,170,NA,NA,-22.6666666666667,20.1145833333333,14.125,27.375,85.0208333333333,71.125,95.625,17.3958333333333,13.025,22.05
"103","B044","R-G-G-Y","Woodland","MC",2025-06-18,2025-06-20,2025-06-23,"Control","Woodland","GT1","C12","Abax parallelepipedus","Dead",NA,NA,NA,"Yes. Testing release without nail polish. Found dead in the field.","2",3,220,187,131,NA,NA,-18.6666666666667,20.1145833333333,14.125,27.375,85.0208333333333,71.125,95.625,17.3958333333333,13.025,22.05
"104","B045","R-G-Y-R","Woodland","MC",2025-06-18,2025-06-20,2025-06-23,"Control","Woodland","GT2","C9","Abax parallelepipedus","Dead",NA,NA,NA,"Yes. Testing release without nail polish. Found dead in the field.","2",3,270,233,157,NA,NA,-25.3333333333333,19.734375,14.375,24.75,69.1979166666667,51.125,85.25,13.6635416666667,10.875,16.15
"105","B046","R-G-Y-B","Woodland","MC",2025-06-18,2025-06-20,2025-06-23,"Translocation","Grassland","LC","C19","Abax parallelepipedus","Dead",NA,NA,NA,"Yes. Testing release without nail polish. Found dead in the field.","2",3,268,221,120,NA,NA,-33.6666666666667,23.4114583333333,9.25,45,61.4427083333333,22,95.125,13.409375,6.825,19.525
"106","B047","R-G-Y-G","Woodland","MC",2025-06-18,2025-06-20,2025-06-23,"Combined","Grassland","CF","C17","Pterostichus madidus","Dead",NA,NA,NA,"Yes. Testing release without nail polish. Found dead in the field.","2",3,126,117,60,NA,NA,-19,25.9010416666667,9.75,47.75,53.5104166666667,19.5,94.25,13.1864583333334,7.15,18.8
"107","B048","R-G-Y-Y","Woodland","GT2",2025-06-18,2025-06-20,2025-06-23,"Combined","Woodland","GT2","C2","Abax parallelepipedus","Dead",NA,NA,NA,"Yes. Testing release without nail polish. Found dead in the field.","2",3,270,202,125,NA,NA,-25.6666666666667,19.734375,14.375,24.75,69.1979166666667,51.125,85.25,13.6635416666667,10.875,16.15
"108","B049","R-Y-R-R","Woodland","GT2",2025-06-18,2025-06-20,2025-06-23,"Control","Woodland","GT2","C22","Abax parallelepipedus","Dead",NA,NA,NA,"Yes. Testing release without nail polish. Found dead in the field.","2",3,278,233,168,NA,NA,-21.6666666666667,19.734375,14.375,24.75,69.1979166666667,51.125,85.25,13.6635416666667,10.875,16.15
"109","B050","R-Y-R-B","Woodland","GT2",2025-06-18,2025-06-20,2025-06-23,"Translocation","Grassland","CF","C5","Abax parallelepipedus","Dead",NA,NA,NA,"Yes. Testing release without nail polish. Found dead in the field.","2",3,362,305,153,NA,NA,-50.6666666666667,25.9010416666667,9.75,47.75,53.5104166666667,19.5,94.25,13.1864583333334,7.15,18.8
"110","B052","R-Y-R-Y","Grassland","NF1",2025-06-19,2025-06-21,2025-06-24,"Combined","Woodland","MC","C10","Abax parallelepipedus","Dead",NA,NA,NA,"Yes. Found dead in the field.","2",3,242,166,71,NA,NA,-31.6666666666667,19.6145833333333,14.5,24.75,66.8854166666667,51.625,83.25,13.0427083333333,9.9,15.725
"111","B053","R-Y-B-R","Grassland","NF1",2025-06-19,2025-06-21,2025-06-24,"Combined","Grassland","NF1","C18","Abax parallelepipedus","Dead",NA,NA,NA,"Yes. Found dead in the field.","2",3,323,276,193,NA,NA,-27.6666666666667,19.640625,13.125,29.125,73.2604166666667,47.75,91.25,14.3802083333333,10.4,18.05
"112","B054","R-Y-B-B","Grassland","NF1",2025-06-19,2025-06-21,2025-06-24,"Translocation","Woodland","BN","C8","Abax parallelepipedus","Dead",NA,NA,NA,"Yes. Found dead in the field.","2",3,279,238,173,NA,NA,-21.6666666666667,19.7864583333333,13.75,26.75,72.6145833333333,54,89,14.45,10.525,17.9
"113","B055","R-Y-B-G","Woodland","GT1",2025-06-19,2025-06-21,2025-06-24,"Combined","Woodland","MC","C10","Abax parallelepipedus","Dead",NA,NA,NA,"Yes. Found dead in the field.","2",3,278,254,218,NA,NA,-12,19.6145833333333,14.5,24.75,66.8854166666667,51.625,83.25,13.0427083333333,9.9,15.725
"114","B057","R-Y-G-R","Woodland","GT1",2025-06-19,2025-06-21,2025-06-24,"Translocation","Grassland","NF2","C14","Pterostichus madidus","Dead",NA,NA,NA,"Yes. Found dead in the field.","2",3,117,108,60,NA,NA,-16,24.3802083333333,8,47.875,64.7708333333333,23.375,97.75,15.1104166666667,6.575,22.8
"115","B058","R-Y-G-B","Woodland","BN",2025-06-19,2025-06-21,2025-06-24,"Translocation","Grassland","NF1","C1","Abax parallelepipedus","Dead",NA,NA,NA,"Yes. Found dead in the field.","2",3,270,243,164,NA,NA,-26.3333333333333,19.640625,13.125,29.125,73.2604166666667,47.75,91.25,14.3802083333333,10.4,18.05
"116","B060","R-Y-G-Y","Woodland","GT2",2025-06-19,2025-06-21,2025-06-24,"Competition","Woodland","BN","C6","Abax parallelepipedus","Dead",NA,NA,NA,"Yes. Found dead in the field.","2",3,261,242,195,NA,NA,-15.6666666666667,19.7864583333333,13.75,26.75,72.6145833333333,54,89,14.45,10.525,17.9
"117","B061","R-Y-Y-R","Woodland","GT2",2025-06-19,2025-06-21,2025-06-24,"Translocation","Grassland","NF2","C21","Abax parallelepipedus","Dead",NA,NA,NA,"Yes. Found dead in the field.","2",3,277,237,141,NA,NA,-32,24.3802083333333,8,47.875,64.7708333333333,23.375,97.75,15.1104166666667,6.575,22.8
"118","B062","R-Y-Y-B","Woodland","GT2",2025-06-19,2025-06-21,2025-06-24,"Translocation","Grassland","NF1","C7","Abax parallelepipedus","Dead",NA,NA,NA,"Yes. Found dead in the field.","2",3,246,208,140,NA,NA,-22.6666666666667,19.640625,13.125,29.125,73.2604166666667,47.75,91.25,14.3802083333333,10.4,18.05
"119","B063","R-Y-Y-G","Woodland","GT2",2025-06-19,2025-06-21,2025-06-24,"Combined","Grassland","NF1","C18","Abax parallelepipedus","Dead",NA,NA,NA,"Yes. Found dead in the field.","2",3,380,334,290,NA,NA,-14.6666666666667,19.640625,13.125,29.125,73.2604166666667,47.75,91.25,14.3802083333333,10.4,18.05
"120","B064","R-Y-Y-Y","Woodland","GT2",2025-06-19,2025-06-21,2025-06-24,"Competition","Woodland","MC","C3","Abax parallelepipedus","Dead",NA,NA,NA,"Yes. Found dead in the field.","2",3,290,262,179,NA,NA,-27.6666666666667,19.6145833333333,14.5,24.75,66.8854166666667,51.625,83.25,13.0427083333333,9.9,15.725
"121","B066","B-R-R-B","Woodland","MC",2025-06-19,2025-06-21,2025-06-24,"Competition","Woodland","MC","C23","Abax parallelepipedus","Dead",NA,NA,NA,"Yes. Found dead in the field.","2",3,236,201,153,NA,NA,-16,19.6145833333333,14.5,24.75,66.8854166666667,51.625,83.25,13.0427083333333,9.9,15.725
"122","B067","B-R-R-G","Woodland","MC",2025-06-19,2025-06-21,2025-06-24,"Competition","Woodland","MC","C3","Pterostichus madidus","Dead",NA,NA,NA,"Yes. Found dead in the field.","2",3,130,114,91,NA,NA,-7.66666666666667,19.6145833333333,14.5,24.75,66.8854166666667,51.625,83.25,13.0427083333333,9.9,15.725
"123","B068","B-R-R-Y","Grassland","NF2",2025-06-26,2025-06-27,2025-06-30,"Control","Grassland","CF","C13","Abax parallelepipedus","Dead",NA,NA,"Yes","Yes. Accidental red streak on thorax. Close to laying eggs. Found dead in the field.","1",3,452,368,179,NA,NA,-63,29.21875,13.625,51.25,58.1041666666667,20.875,95.375,17.2385416666666,11.125,23.1
"124","B071","B-R-B-G","Grassland","NF1",2025-06-26,2025-06-27,2025-06-30,"Combined","Grassland","LC","C20","Abax sp.","Dead",NA,NA,"Yes","Yes. Close to laying eggs.","1",3,662,568,227,NA,NA,-113.666666666667,27.359375,12.625,50.5,63.84375,22.5,96.5,17.2697916666667,11,24.1
"125","B072","B-R-B-Y","Grassland","CF",2025-07-25,2025-07-26,2025-07-29,"Translocation","Woodland","BN","C6","Pterostichus madidus","Dead",NA,NA,"No","Yes","1",3,128,107,83,NA,NA,-8,17.6041666666667,12,22.875,79.9270833333333,62.5,93.75,13.871875,10.625,16.475
"126","B076","B-R-G-Y","Woodland","BN",2025-06-26,2025-06-27,2025-06-30,"Translocation","Grassland","CF","C5","Pterostichus madidus","Dead",NA,NA,"No","Yes. Found dead in the field.","1",3,151,137,37,NA,NA,-33.3333333333333,29.21875,13.625,51.25,58.1041666666667,20.875,95.375,17.2385416666666,11.125,23.1
"127","B078","B-R-Y-B","Woodland","GT2",2025-06-26,2025-06-27,2025-06-30,"Translocation","Grassland","CF","C17","Nebria brevicollis","Dead",NA,NA,"No","Yes. Found dead in the field.","1",3,71,61,37,NA,NA,-8,29.21875,13.625,51.25,58.1041666666667,20.875,95.375,17.2385416666666,11.125,23.1
"128","B084","B-B-R-Y","Woodland","GT1",2025-06-26,2025-06-27,2025-06-30,"Combined","Grassland","LC","C20","Abax parallelepipedus","Dead",NA,NA,NA,"Yes. Found dead in the field.","1",3,312,292,135,NA,NA,-52.3333333333333,27.359375,12.625,50.5,63.84375,22.5,96.5,17.2697916666667,11,24.1
"129","B110","B-G-Y-B","Woodland","GT2",2025-07-03,2025-07-04,2025-07-08,"Competition","Woodland","GT1","C12","Abax parallelepipedus","Dead",NA,NA,"No","Yes","1",4,304,259,177,NA,NA,-20.5,18.0666666666667,12.7,24.2,83.725,65.6,95.6,15.0316666666667,11.54,18.42
"130","B111","B-G-Y-G","Woodland","GT2",2025-07-03,2025-07-04,2025-07-08,"Competition","Woodland","GT2","C9","Pterostichus madidus","Dead",NA,NA,"No","Yes","1",4,129,122,74,NA,NA,-12,17.2208333333333,12.9,21.8,74.6666666666667,56.5,89.8,12.3758333333333,9.94,14.74
"131","B112","B-G-Y-Y","Woodland","GT2",2025-07-03,2025-07-04,2025-07-08,"Translocation","Grassland","LC","C19","Abax parallelepipedus","Dead",NA,NA,"No","Yes","1",4,267,243,163,NA,NA,-20,21.8083333333333,8.8,40.5,61.7083333333333,25.4,93.2,11.9083333333333,5.4,18.28
"132","B113","B-Y-R-R","Woodland","GT2",2025-07-03,2025-07-04,2025-07-08,"Competition","Woodland","MC","C3","Nebria brevicollis","Dead",NA,NA,"No","Yes. Accidental blues streak on the left side","1",4,51,42,31,NA,NA,-2.75,17.5375,13.1,22,74.1458333333333,55,89.9,12.4625,10.14,14.82
"133","B114","B-Y-R-B","Woodland","GT2",2025-07-03,2025-07-04,2025-07-08,"Translocation","Grassland","NF1","C7","Abax parallelepipedus","Dead",NA,NA,"No","Yes. Has a little parasite thing on it","1",4,276,247,185,NA,NA,-15.5,NA,NA,NA,NA,NA,NA,NA,NA,NA
"134","B119","B-Y-B-G","Woodland","GT1",2025-07-03,2025-07-04,2025-07-08,"Combined","Grassland","CF","C13","Abax parallelepipedus","Dead",NA,NA,"No","Yes","1",4,325,302,166,NA,NA,-34,23.1375,9.4,40.1,58.5875,26.7,92.9,12.2916666666667,6.02,17.68
"135","B121","B-Y-G-R","Woodland","GT1",2025-07-03,2025-07-04,2025-07-08,"Combined","Woodland","GT1","C4","Abax parallelepipedus","Dead",NA,NA,"No","Yes","1",4,337,308,242,NA,NA,-16.5,18.0666666666667,12.7,24.2,83.725,65.6,95.6,15.0316666666667,11.54,18.42
"136","B122","B-Y-G-B","Woodland","GT1",2025-07-03,2025-07-04,2025-07-08,"Competition","Woodland","GT1","C12","Pterostichus madidus","Dead",NA,NA,"No","Yes","1",4,136,120,71,NA,NA,-12.25,18.0666666666667,12.7,24.2,83.725,65.6,95.6,15.0316666666667,11.54,18.42
"137","B124","B-Y-G-Y","Woodland","GT1",2025-07-03,2025-07-04,2025-07-08,"Combined","Woodland","GT2","C2","Abax parallelepipedus","Dead",NA,NA,"Yes","Yes. Close to laying eggs.","1",4,335,275,196,NA,NA,-19.75,17.2208333333333,12.9,21.8,74.6666666666667,56.5,89.8,12.3758333333333,9.94,14.74
"138","B125","B-Y-Y-R","Woodland","GT1",2025-07-03,2025-07-04,2025-07-08,"Combined","Grassland","LC","C24","Abax parallelepipedus","Dead",NA,NA,"No","Yes","1",4,293,246,138,NA,NA,-27,21.8083333333333,8.8,40.5,61.7083333333333,25.4,93.2,11.9083333333333,5.4,18.28
"139","B126","B-Y-Y-B","Grassland","NF2",2025-07-03,2025-07-04,2025-07-08,"Combined","Grassland","CF","C13","Pterostichus madidus","Dead",NA,NA,"No","Yes","1",4,204,174,90,NA,NA,-21,23.1375,9.4,40.1,58.5875,26.7,92.9,12.2916666666667,6.02,17.68
"140","B130","G-R-R-B","Woodland","BN",2025-07-03,2025-07-04,2025-07-08,"Competition","Woodland","MC","C3","Abax parallelepipedus","Dead",NA,NA,"No","Yes","1",4,263,239,191,NA,NA,-12,17.5375,13.1,22,74.1458333333333,55,89.9,12.4625,10.14,14.82
"141","B133","G-R-B-R","Woodland","BN",2025-07-03,2025-07-04,2025-07-08,"Combined","Woodland","BN","C8","Nebria brevicollis","Dead",NA,NA,"No","Yes","1",4,78,71,51,NA,NA,-5,18.025,12.3,23.9,72.0125,53.8,90,12.4933333333333,8.88,15.26
"142","B136","G-R-B-Y","Woodland","BN",2025-07-03,2025-07-04,2025-07-08,"Combined","Woodland","MC","C10","Pterostichus madidus","Dead",NA,NA,"Yes","Yes. Close to laying eggs. Accidental red streak on the right side","1",4,215,131,87,NA,NA,-11,17.5375,13.1,22,74.1458333333333,55,89.9,12.4625,10.14,14.82
"143","B139","G-R-G-G","Woodland","BN",2025-07-03,2025-07-04,2025-07-08,"Combined","Woodland","GT2","C11","Abax parallelepipedus","Dead",NA,NA,"No","Yes","1",4,340,316,232,NA,NA,-21,17.2208333333333,12.9,21.8,74.6666666666667,56.5,89.8,12.3758333333333,9.94,14.74
"144","B143","G-R-Y-G","Woodland","BN",2025-07-03,2025-07-04,2025-07-08,"Competition","Woodland","GT2","C9","Abax parallelepipedus","Dead",NA,NA,"No","Yes","1",4,309,289,212,NA,NA,-19.25,17.2208333333333,12.9,21.8,74.6666666666667,56.5,89.8,12.3758333333333,9.94,14.74
"145","B144","G-R-Y-Y","Woodland","MC",2025-07-10,2025-07-11,2025-07-14,"Translocation","Grassland","LC","C27","Pterostichus madidus","Dead",NA,NA,"No","Yes","1",3,97,87,40,NA,NA,-15.6666666666667,26.0364583333333,8.25,51.25,58.3229166666667,17.75,95.875,13.4208333333333,6.025,21.125
"146","B146","G-B-R-B","Woodland","MC",2025-07-10,2025-07-11,2025-07-14,"Translocation","Grassland","CF","C5","Pterostichus madidus","Dead",NA,NA,"No","Yes.","1",3,104,103,57,NA,NA,-15.3333333333333,28.234375,9.375,49.625,53.2708333333333,18.25,97.5,14.2020833333333,7.05,20.575
"147","B148","G-B-R-Y","Woodland","MC",2025-07-10,2025-07-11,2025-07-14,"Translocation","Grassland","NF1","C28","Abax parallelepipedus","Dead",NA,NA,"No","Yes","1",3,289,267,187,NA,NA,-26.6666666666667,NA,NA,NA,NA,NA,NA,NA,NA,NA
"148","B149","G-B-B-R","Woodland","MC",2025-07-10,2025-07-11,2025-07-14,"Translocation","Grassland","NF2","C21","Pterostichus madidus","Dead",NA,NA,"No","Yes","1",3,117,115,72,NA,NA,-14.3333333333333,26.4947916666667,6.75,54.5,62.9375,20.25,100,15.4229166666667,5.725,25.375
"149","B157","G-B-Y-R","Woodland","MC",2025-07-17,2025-07-18,2025-07-21,"Translocation","Grassland","NF1","C18","Pterostichus madidus","Dead",NA,NA,"No","Yes","1",3,134,130,115,NA,NA,-5,NA,NA,NA,NA,NA,NA,NA,NA,NA
"150","B160","G-B-Y-Y","Woodland","MC",2025-07-17,2025-07-18,2025-07-21,"Translocation","Grassland","CF","C5","Pterostichus madidus","Dead",NA,NA,"No","Yes","1",3,114,109,88,NA,NA,-7,22.734375,11.5,39.875,75.0208333333333,32.875,100,16.253125,10.25,22.625
"151","B162","G-G-R-B","Grassland","NF1",2025-07-03,2025-07-04,2025-07-08,"Competition","Grassland","NF1","C1","Abax parallelepipedus","Dead",NA,NA,"No","Yes","1",4,318,268,188,NA,NA,-20,NA,NA,NA,NA,NA,NA,NA,NA,NA
"152","B164","G-G-R-Y","Grassland","NF1",2025-07-03,2025-07-04,2025-07-08,"Combined","Woodland","BN","C8","Pterostichus madidus","Dead",NA,NA,"No","Yes. Eaten only shell left.","1",4,152,132,60,NA,NA,-18,18.025,12.3,23.9,72.0125,53.8,90,12.4933333333333,8.88,15.26
"153","B165","G-G-B-R","Grassland","NF1",2025-07-03,2025-07-04,2025-07-08,"Combined","Grassland","CF","C17","Pterostichus madidus","Dead",NA,NA,"No","Yes","1",4,155,129,70,NA,NA,-14.75,23.1375,9.4,40.1,58.5875,26.7,92.9,12.2916666666667,6.02,17.68
"154","B166","G-G-B-B","Grassland","NF1",2025-07-03,2025-07-04,2025-07-08,"Combined","Woodland","GT1","C4","Pterostichus madidus","Dead",NA,NA,"No","Yes","1",4,126,109,48,NA,NA,-15.25,18.0666666666667,12.7,24.2,83.725,65.6,95.6,15.0316666666667,11.54,18.42
"155","B168","G-G-B-Y","Grassland","NF1",2025-07-03,2025-07-04,2025-07-08,"Combined","Grassland","LC","C24","Pterostichus madidus","Dead",NA,NA,"No","Yes","1",4,128,106,58,NA,NA,-12,21.8083333333333,8.8,40.5,61.7083333333333,25.4,93.2,11.9083333333333,5.4,18.28
"156","B169","G-G-G-R","Grassland","NF1",2025-07-03,2025-07-04,2025-07-08,"Combined","Woodland","MC","C10","Abax parallelepipedus","Dead",NA,NA,"No","Yes","1",4,387,337,277,NA,NA,-15,17.5375,13.1,22,74.1458333333333,55,89.9,12.4625,10.14,14.82
"157","B170","G-G-G-B","Grassland","NF1",2025-07-03,2025-07-04,2025-07-08,"Combined","Grassland","NF1","C18","Abax parallelepipedus","Dead",NA,NA,"No","Yes","1",4,345,291,243,NA,NA,-12,NA,NA,NA,NA,NA,NA,NA,NA,NA
"158","B171","G-G-G-G","Grassland","NF1",2025-07-03,2025-07-04,2025-07-08,"Competition","Grassland","NF2","C15","Pterostichus madidus","Dead",NA,NA,"No","Yes","1",4,190,163,128,NA,NA,-8.75,22.5166666666667,6.3,44.5,67.4083333333333,28.8,99.2,14.06,4.64,22.48
"159","B172","G-G-G-Y","Grassland","NF1",2025-07-03,2025-07-04,2025-07-08,"Competition","Grassland","NF2","C14","Abax parallelepipedus","Dead",NA,NA,"No","Yes","1",4,299,241,177,NA,NA,-16,22.5166666666667,6.3,44.5,67.4083333333333,28.8,99.2,14.06,4.64,22.48
"160","B174","G-G-Y-B","Grassland","NF1",2025-07-03,2025-07-04,2025-07-08,"Competition","Grassland","NF1","C1","Pterostichus madidus","Dead",NA,NA,"No","Yes","1",4,135,120,94,NA,NA,-6.5,NA,NA,NA,NA,NA,NA,NA,NA,NA
"161","B175","G-G-Y-G","Grassland","NF1",2025-07-03,2025-07-04,2025-07-08,"Competition","Grassland","LC","C20","Abax parallelepipedus","Dead",NA,NA,"No","Yes","1",4,295,238,153,NA,NA,-21.25,21.8083333333333,8.8,40.5,61.7083333333333,25.4,93.2,11.9083333333333,5.4,18.28
"162","B177","G-Y-R-R","Woodland","GT1",2025-07-17,2025-07-18,2025-07-21,"Translocation","Grassland","LC","C19","Abax parallelepipedus","Dead",NA,NA,"No","Yes. Red dots streaked at the bottom.","1",3,258,238,195,NA,NA,-14.3333333333333,21.9947916666667,10.125,41.125,77.1666666666667,30.625,100,15.815625,9.225,22.75
"163","B180","G-Y-R-Y","Woodland","GT1",2025-07-17,2025-07-18,2025-07-21,"Translocation","Grassland","LC","C27","Abax parallelepipedus","Dead",NA,NA,"No","Yes","1",3,264,236,184,NA,NA,-17.3333333333333,21.9947916666667,10.125,41.125,77.1666666666667,30.625,100,15.815625,9.225,22.75
"164","B184","G-Y-B-Y","Woodland","GT2",2025-07-17,2025-07-18,2025-07-21,"Control","Woodland","BN","C8","Abax parallelepipedus","Dead",NA,NA,"No","Yes","1",3,263,239,236,NA,NA,-1,18.53125,14.125,23.875,90.3854166666667,68.75,100,16.66875,13.675,19.775
"165","B188","G-Y-G-Y","Grassland","NF2",2025-07-10,2025-07-11,2025-07-14,"Control","Grassland","CF","C13","Pterostichus madidus","Dead",NA,NA,"No","Yes","1",3,106,88,49,NA,NA,-13,28.234375,9.375,49.625,53.2708333333333,18.25,97.5,14.2020833333333,7.05,20.575
"166","B190","G-Y-Y-B","Grassland","NF2",2025-07-10,2025-07-11,2025-07-14,"Control","Grassland","NF1","C1","Pterostichus madidus","Dead",NA,NA,"No","Yes","1",3,154,137,61,NA,NA,-25.3333333333333,NA,NA,NA,NA,NA,NA,NA,NA,NA
"167","B191","G-Y-Y-G","Grassland","CF",2025-07-10,2025-07-11,2025-07-14,"Control","Grassland","NF2","C14","Abax parallelepipedus","Dead",NA,NA,"No","Yes","1",3,262,210,123,NA,NA,-29,26.4947916666667,6.75,54.5,62.9375,20.25,100,15.4229166666667,5.725,25.375
"168","B192","G-Y-Y-Y","Grassland","NF1",2025-07-10,2025-07-11,2025-07-14,"Control","Grassland","CF","C17","Abax parallelepipedus","Dead",NA,NA,"No","Yes","1",3,345,282,162,NA,NA,-40,28.234375,9.375,49.625,53.2708333333333,18.25,97.5,14.2020833333333,7.05,20.575
"169","B193","Y-R-R-R","Grassland","NF1",2025-07-10,2025-07-11,2025-07-14,"Control","Grassland","LC","C24","Pterostichus madidus","Dead",NA,NA,"No","Yes","1",3,135,115,53,NA,NA,-20.6666666666667,26.0364583333333,8.25,51.25,58.3229166666667,17.75,95.875,13.4208333333333,6.025,21.125
"170","B197","Y-R-B-R","Grassland","NF1",2025-07-10,2025-07-11,2025-07-14,"Control","Grassland","LC","C19","Abax parallelepipedus","Dead",NA,NA,"No","Yes","1",3,351,283,148,NA,NA,-45,26.0364583333333,8.25,51.25,58.3229166666667,17.75,95.875,13.4208333333333,6.025,21.125
"171","B216","Y-B-B-Y","Woodland","BN",2025-07-10,2025-07-11,2025-07-14,"Translocation","Grassland","LC","C20","Abax parallelepipedus","Dead",NA,NA,"No","Yes","1",3,297,262,155,NA,NA,-35.6666666666667,26.0364583333333,8.25,51.25,58.3229166666667,17.75,95.875,13.4208333333333,6.025,21.125
"172","B217","Y-B-G-R","Woodland","BN",2025-07-24,2025-07-25,2025-07-28,"Combined","Grassland","CF","C17","Abax parallelepipedus","Dead",NA,NA,"No","Yes","1",3,180,149,51,NA,NA,-32.6666666666667,21.6354166666667,10,35.875,68.0208333333333,35.375,97.125,14.2166666666667,9.025,19.425
"173","B221","Y-B-Y-R","Woodland","GT1",2025-07-25,2025-07-26,2025-07-29,"Translocation","Grassland","NF1","C7","Abax parallelepipedus","Dead",NA,NA,"No","Yes","1",3,254,218,211,NA,NA,-2.33333333333333,NA,NA,NA,NA,NA,NA,NA,NA,NA
"174","B116","B-Y-R-Y","Woodland","GT1",2025-07-03,2025-07-04,2025-07-08,"Combined","Woodland","BN","C6","Abax parallelepipedus","Eaten",NA,NA,"No","Yes. Eaten only shell left.","1",4,299,234,96,NA,NA,-34.5,18.025,12.3,23.9,72.0125,53.8,90,12.4933333333333,8.88,15.26
"175","B140","G-R-G-Y","Grassland","NF2",2025-07-17,2025-07-18,2025-07-21,"Translocation","Woodland","GT2","C11","Pterostichus madidus","Eaten",NA,NA,"No","Yes. Most of the body was eaten only abdomen collected.","1",3,138,133,21,NA,NA,-37.3333333333333,17.7864583333333,14.625,21.75,91.1979166666667,68.625,99.75,16.1458333333333,13.6,18.45
"176","B198","Y-R-B-B","Grassland","NF1",2025-07-10,2025-07-11,2025-07-14,"Control","Grassland","NF1","C7","Pterostichus madidus","Eaten",NA,NA,"No","Yes. Was eaten couldn’t recover any body parts.","1",3,141,134,NA,NA,NA,NA,NA,NA,NA,NA,NA,NA,NA,NA,NA
"177","B199","Y-R-B-G","Grassland","NF1",2025-07-24,2025-07-25,2025-07-28,"Combined","Grassland","CF","C13","Pterostichus madidus","Eaten",NA,NA,"No","Yes","1",3,121,109,NA,NA,NA,NA,21.6354166666667,10,35.875,68.0208333333333,35.375,97.125,14.2166666666667,9.025,19.425
"178","B225","Y-G-R-R","Grassland","NF1",2025-07-25,2025-07-26,2025-07-29,"Control","Grassland","NF1","C1","Pterostichus madidus","Eaten",NA,NA,"No","Yes. Body broken and eaten.","1",3,156,136,95,NA,NA,-13.6666666666667,NA,NA,NA,NA,NA,NA,NA,NA,NA
"179","B231","Y-G-B-G","Grassland","NF1",2025-07-31,2025-08-01,2025-08-04,"Translocation","Woodland","BN","C6","Abax parallelepipedus","Eaten",NA,NA,"No","Yes","1",3,291,281,NA,NA,NA,NA,17.2135416666667,11.75,22.875,84.921875,67.5,97.125,14.5177083333333,11.1,17.3
"180","B251","Y-Y-G-G","Woodland","MC",2025-07-31,2025-08-01,2025-08-04,"Combined","Grassland","NF1","C18","Abax parallelepipedus","Eaten",NA,NA,"No","Yes","1",3,321,309,256,NA,NA,-17.6666666666667,NA,NA,NA,NA,NA,NA,NA,NA,NA
"181","B003","R-R-R-G","Woodland","GT1",2025-06-04,2025-06-06,2025-06-09,"Competition","Woodland","MC","C3","Abax parallelepipedus","Escaped",NA,NA,NA,"Yes. Escaped.","2",3,291,248,NA,NA,NA,NA,17.3461538461538,13.5,23.5,65.8076923076923,49.5,80,10.7230769230769,9.7,12.5
"182","B004","R-R-R-Y","Woodland","GT1",2025-06-04,2025-06-06,2025-06-09,"Control","Woodland","BN","C6","Abax sp.","Escaped",NA,NA,NA,"Yes. Escaped.","2",3,524,431,NA,NA,NA,NA,18.1538461538462,13.5,23.5,70.7692307692308,49.5,87,12.5230769230769,11,13.8
"183","B007","R-R-B-G","Woodland","MC",2025-06-04,2025-06-06,2025-06-09,"Control","Woodland","GT1","C4","Nebria brevicollis","Escaped",NA,NA,NA,"Yes. Escaped.","2",3,79,61.5,NA,NA,NA,NA,18.4230769230769,13.5,23.5,73.3076923076923,50,88,13.3230769230769,11.6,15.1
"184","B008","R-R-B-Y","Woodland","MC",2025-06-04,2025-06-06,2025-06-09,"Translocation","Grassland","NF1","C1","Nebria brevicollis","Escaped",NA,NA,NA,"Yes. Escaped.","2",3,930,75,NA,NA,NA,NA,19.6923076923077,13.5,25,61.2692307692308,46.5,90,11.6153846153846,10.3,13.1
"185","B011","R-R-G-G","Grassland","NF1",2025-06-11,2025-06-13,2025-06-16,"Competition","Grassland","NF1","C7","Abax parallelepipedus","Escaped",NA,NA,NA,"Yes. Looks like its’s close to dying. One beetle escaped and one found completely eaten and hollowed out.","2",3,292,222,NA,NA,NA,NA,18.609375,12.25,39.875,88.15625,52.125,100,16.2010416666667,12.05,27.75
"186","B024","R-B-B-Y","Woodland","GT1",2025-06-11,2025-06-13,2025-06-16,"Competition","Woodland","GT2","C11","Abax parallelepipedus","Escaped",NA,NA,NA,"Yes. Escaped. There were 2 beetles with no markings so I couldn’t tell which beetle it was but most likely not this one due the amount of weight loss.","2",3,386,335,NA,NA,NA,NA,17.8333333333333,12.25,23.625,75.8072916666667,54.875,92.75,13.215625,10.075,15.625
"187","B025","R-B-G-R","Grassland","CF",2025-06-11,2025-06-13,2025-06-16,"Competition","Grassland","NF1","C7","Abax parallelepipedus","Escaped",NA,NA,NA,"Yes. One beetle escaped and one found completely eaten and hollowed out.","2",3,290,245,NA,NA,NA,NA,18.609375,12.25,39.875,88.15625,52.125,100,16.2010416666667,12.05,27.75
"188","B038","R-G-B-B","Woodland","GT1",2025-06-18,2025-06-20,2025-06-23,"Control","Woodland","GT1","C16","Abax parallelepipedus","Escaped",NA,NA,NA,"Yes. Testing release without nail polish. Trap found empty with slug. Could have died and was eaten by slug.","2",3,263,241,NA,NA,NA,NA,20.1145833333333,14.125,27.375,85.0208333333333,71.125,95.625,17.3958333333333,13.025,22.05
"189","B039","R-G-B-G","Woodland","GT1",2025-06-18,2025-06-20,2025-06-23,"Combined","Woodland","GT1","C4","Pterostichus madidus","Escaped",NA,NA,NA,"Yes. Testing release without nail polish. Escaped or eaten from cage.","2",3,154,142,NA,NA,NA,NA,20.1145833333333,14.125,27.375,85.0208333333333,71.125,95.625,17.3958333333333,13.025,22.05
"190","B051","R-Y-R-G","Woodland","GT2",2025-06-18,2025-06-20,2025-06-23,"Competition","Woodland","GT2","C11","Abax parallelepipedus","Escaped",NA,NA,NA,"Yes. Testing release without nail polish. Escaped or eaten from cage.","2",3,328,300,NA,NA,NA,NA,19.734375,14.375,24.75,69.1979166666667,51.125,85.25,13.6635416666667,10.875,16.15
"191","B073","B-R-G-R","Grassland","NF1",2025-06-26,2025-06-27,2025-06-30,"Combined","Woodland","GT1","C4","Abax parallelepipedus","Escaped",NA,NA,"Yes","Yes. Close to laying eggs. Escaped","1",3,355,327,NA,NA,NA,NA,21.7552083333333,15.75,29.75,85.9166666666667,66.125,97.75,19.1010416666667,15.1,23.65
"192","B077","B-R-Y-R","Woodland","BN",2025-06-26,2025-06-27,2025-06-30,"Control","Woodland","GT1","C12","Pterostichus madidus","Escaped",NA,NA,"No","Yes. Was alive but escaped while collecting.","1",3,121,113,NA,NA,NA,NA,21.7552083333333,15.75,29.75,85.9166666666667,66.125,97.75,19.1010416666667,15.1,23.65
"193","B080","B-R-Y-Y","Woodland","GT2",2025-06-26,2025-06-27,2025-06-30,"Translocation","Grassland","LC","C19","Nebria brevicollis","Escaped",NA,NA,"No","Yes. Escaped.","1",3,60,52,NA,NA,NA,NA,27.359375,12.625,50.5,63.84375,22.5,96.5,17.2697916666667,11,24.1
"194","B081","B-B-R-R","Woodland","GT2",2025-06-26,2025-06-27,2025-06-30,"Combined","Woodland","GT1","C16","Pterostichus madidus","Escaped",NA,NA,"No","Yes. Escaped.","1",3,120,111,NA,NA,NA,NA,21.7552083333333,15.75,29.75,85.9166666666667,66.125,97.75,19.1010416666667,15.1,23.65
"195","B083","B-B-R-G","Woodland","GT1",2025-06-26,2025-06-27,2025-06-30,"Control","Woodland","GT2","C22","Abax parallelepipedus","Escaped",NA,NA,"Yes","Yes. Close to laying eggs.","1",3,382,336,NA,NA,NA,NA,21.2552083333333,16,27.625,75.2760416666667,57.25,90.125,16.4322916666667,13.575,18.95
"196","B085","B-B-B-R","Woodland","MC",2025-07-25,2025-07-26,2025-07-29,"Control","Woodland","BN","C25","Pterostichus madidus","Escaped",NA,NA,"No","Yes","1",3,105,100,NA,NA,NA,NA,17.6041666666667,12,22.875,79.9270833333333,62.5,93.75,13.871875,10.625,16.475
"197","B086","B-B-B-B","Woodland","MC",2025-06-26,2025-06-27,2025-06-30,"Combined","Woodland","GT1","C4","Pterostichus madidus","Escaped",NA,NA,"No","Yes. Escaped.","1",3,185,160,NA,NA,NA,NA,21.7552083333333,15.75,29.75,85.9166666666667,66.125,97.75,19.1010416666667,15.1,23.65
"198","B087","B-B-B-G","Woodland","MC",2025-06-26,2025-06-27,2025-06-30,"Combined","Woodland","GT2","C2","Nebria brevicollis","Escaped",NA,NA,"No","Yes. Escaped.","1",3,68,64,NA,NA,NA,NA,21.2552083333333,16,27.625,75.2760416666667,57.25,90.125,16.4322916666667,13.575,18.95
"199","B091","B-B-G-G","Grassland","NF1",2025-06-27,2025-06-28,2025-07-01,"Competition","Grassland","NF2","C14","Abax parallelepipedus","Escaped",NA,NA,"No","Yes. Escaped.","1",3,281,234,NA,NA,NA,NA,29.4635416666667,12.625,55.125,65.5104166666667,23.75,99.625,19.5145833333333,11.925,29.05
"200","B093","B-B-Y-R","Grassland","NF1",2025-06-27,2025-06-28,2025-07-01,"Combined","Grassland","NF1","C18","Abax parallelepipedus","Escaped",NA,NA,"No","Yes. Escaped.","1",3,364,321,NA,NA,NA,NA,NA,NA,NA,NA,NA,NA,NA,NA,NA
"201","B094","B-B-Y-B","Grassland","NF1",2025-06-27,2025-06-28,2025-07-01,"Combined","Grassland","NF2","C15","Pterostichus madidus","Escaped",NA,NA,"Yes","Yes. Close to laying eggs. Escaped","1",3,188,178,NA,NA,NA,NA,29.4635416666667,12.625,55.125,65.5104166666667,23.75,99.625,19.5145833333333,11.925,29.05
"202","B098","B-G-R-B","Woodland","MC",2025-06-27,2025-06-28,2025-07-01,"Combined","Woodland","MC","C23","Nebria brevicollis","Escaped",NA,NA,"No","Yes. Escaped.","1",3,61,57,NA,NA,NA,NA,23.1197916666667,17.75,29,71.5104166666667,52.75,87.625,17.365625,15.325,19.1
"203","B100","B-G-R-Y","Woodland","GT2",2025-06-27,2025-06-28,2025-07-01,"Combined","Woodland","BN","C6","Nebria brevicollis","Escaped",NA,NA,"No","Yes. Escaped.","1",3,75,73,NA,NA,NA,NA,23.5,17.125,30.5,73.7552083333333,53.375,90.125,18.1958333333333,15.1,21.175
"204","B101","B-G-B-R","Woodland","GT2",2025-06-27,2025-06-28,2025-07-01,"Combined","Grassland","NF2","C15","Nebria brevicollis","Escaped",NA,NA,"No","Yes. Escaped.","1",3,59,69,NA,NA,NA,NA,29.4635416666667,12.625,55.125,65.5104166666667,23.75,99.625,19.5145833333333,11.925,29.05
"205","B103","B-G-B-G","Woodland","GT2",2025-06-27,2025-06-28,2025-07-01,"Competition","Woodland","MC","C10","Abax parallelepipedus","Escaped",NA,NA,"Yes","Yes. Close to laying eggs.","1",3,354,324,NA,NA,NA,NA,23.1197916666667,17.75,29,71.5104166666667,52.75,87.625,17.365625,15.325,19.1
"206","B107","B-G-G-G","Grassland","CF",2025-07-03,2025-07-04,2025-07-08,"Combined","Woodland","BN","C6","Pterostichus madidus","Escaped",NA,NA,"No","Yes","1",4,132,119,NA,NA,NA,NA,18.025,12.3,23.9,72.0125,53.8,90,12.4933333333333,8.88,15.26
"207","B115","B-Y-R-G","Woodland","GT2",2025-07-03,2025-07-04,2025-07-08,"Translocation","Grassland","NF2","C21","Pterostichus madidus","Escaped",NA,NA,"No","Yes","1",4,133,122,NA,NA,NA,NA,22.5166666666667,6.3,44.5,67.4083333333333,28.8,99.2,14.06,4.64,22.48
"208","B128","B-Y-Y-Y","Grassland","LC",2025-07-03,2025-07-04,2025-07-08,"Combined","Woodland","GT2","C11","Pterostichus madidus","Escaped",NA,NA,"No","Yes","1",4,93,680,NA,NA,NA,NA,17.2208333333333,12.9,21.8,74.6666666666667,56.5,89.8,12.3758333333333,9.94,14.74
"209","B129","G-R-R-R","Grassland","LC",2025-07-03,2025-07-04,2025-07-08,"Competition","Grassland","LC","C20","Calathus fuscipes","Escaped",NA,NA,"No","Yes","1",4,74,67,NA,NA,NA,NA,21.8083333333333,8.8,40.5,61.7083333333333,25.4,93.2,11.9083333333333,5.4,18.28
"210","B131","G-R-R-G","Woodland","BN",2025-07-03,2025-07-04,2025-07-08,"Combined","Grassland","NF1","C18","Abax sp.","Escaped",NA,NA,"No","Yes","1",4,633,587,NA,NA,NA,NA,NA,NA,NA,NA,NA,NA,NA,NA,NA
"211","B132","G-R-R-Y","Woodland","BN",2025-07-03,2025-07-04,2025-07-08,"Competition","Woodland","MC","C23","Pterostichus madidus","Escaped",NA,NA,"No","Yes","1",4,167,152,NA,NA,NA,NA,17.5375,13.1,22,74.1458333333333,55,89.9,12.4625,10.14,14.82
"212","B134","G-R-B-B","Woodland","BN",2025-07-03,2025-07-04,2025-07-08,"Combined","Grassland","CF","C17","Abax sp.","Escaped",NA,NA,"No","Yes","1",4,678,559,NA,NA,NA,NA,23.1375,9.4,40.1,58.5875,26.7,92.9,12.2916666666667,6.02,17.68
"213","B135","G-R-B-G","Woodland","BN",2025-07-03,2025-07-04,2025-07-08,"Competition","Woodland","GT2","C22","Pterostichus madidus","Escaped",NA,NA,"No","Yes","1",4,131,113,NA,NA,NA,NA,17.2208333333333,12.9,21.8,74.6666666666667,56.5,89.8,12.3758333333333,9.94,14.74
"214","B137","G-R-G-R","Grassland","CF",2025-07-17,2025-07-18,2025-07-21,"Translocation","Woodland","BN","C6","Abax sp.","Escaped",NA,NA,"No","Yes","1",3,337,332,NA,NA,NA,NA,18.53125,14.125,23.875,90.3854166666667,68.75,100,16.66875,13.675,19.775
"215","B138","G-R-G-B","Grassland","CF",2025-07-17,2025-07-18,2025-07-21,"Translocation","Woodland","GT1","C16","Abax sp.","Escaped",NA,NA,"No","Yes","1",3,353,332,NA,NA,NA,NA,18.75,14.375,26,94.7291666666667,77.625,100,17.7364583333333,14.3,24.725
"216","B141","G-R-Y-R","Grassland","NF2",2025-07-17,2025-07-18,2025-07-21,"Translocation","Woodland","MC","C26","Pterostichus madidus","Escaped",NA,NA,"No","Yes","1",3,166,165,NA,NA,NA,NA,17.8958333333333,14.625,21.625,92.1510416666667,72.75,100,16.4072916666667,14.425,18.925
"217","B142","G-R-Y-B","Grassland","NF1",2025-07-17,2025-07-18,2025-07-21,"Translocation","Woodland","MC","C10","Pterostichus madidus","Escaped",NA,NA,"No","Yes.","1",3,131,124,NA,NA,NA,NA,17.8958333333333,14.625,21.625,92.1510416666667,72.75,100,16.4072916666667,14.425,18.925
"218","B145","G-B-R-R","Grassland","NF1",2025-07-17,2025-07-18,2025-07-21,"Translocation","Woodland","GT1","C4","Pterostichus madidus","Escaped",NA,NA,"No","Yes. Accidental blue streak","1",3,106,104,NA,NA,NA,NA,18.75,14.375,26,94.7291666666667,77.625,100,17.7364583333333,14.3,24.725
"219","B147","G-B-R-G","Grassland","NF1",2025-07-17,2025-07-18,2025-07-21,"Translocation","Woodland","GT2","C2","Pterostichus madidus","Escaped",NA,NA,"No","Yes","1",3,122,115,NA,NA,NA,NA,17.7864583333333,14.625,21.75,91.1979166666667,68.625,99.75,16.1458333333333,13.6,18.45
"220","B152","G-B-B-Y","Woodland","BN",2025-07-17,2025-07-18,2025-07-21,"Translocation","Grassland","LC","C20","Pterostichus madidus","Escaped",NA,NA,"No","Yes","1",3,102,91,NA,NA,NA,NA,21.9947916666667,10.125,41.125,77.1666666666667,30.625,100,15.815625,9.225,22.75
"221","B155","G-B-G-G","Woodland","MC",2025-07-17,2025-07-18,2025-07-21,"Translocation","Grassland","CF","C17","Pterostichus madidus","Escaped",NA,NA,"No","Yes","1",3,132,129,NA,NA,NA,NA,22.734375,11.5,39.875,75.0208333333333,32.875,100,16.253125,10.25,22.625
"222","B156","G-B-G-Y","Woodland","MC",2025-07-17,2025-07-18,2025-07-21,"Translocation","Grassland","LC","C24","Pterostichus madidus","Escaped",NA,NA,"No","Yes. Accidental yellow streak on top right abdomen.","1",3,120,113,NA,NA,NA,NA,21.9947916666667,10.125,41.125,77.1666666666667,30.625,100,15.815625,9.225,22.75
"223","B159","G-B-Y-G","Woodland","MC",2025-07-17,2025-07-18,2025-07-21,"Translocation","Grassland","NF2","C15","Nebria brevicollis","Escaped",NA,NA,"No","Yes. Accidental green streak on top left abdomen. Accidental blue dot on bottom right abdomen with green dot on top of it.","1",3,51,51,NA,NA,NA,NA,22.5052083333333,9,45.625,78.6822916666667,32.75,100,16.9239583333333,8.175,27.6
"224","B163","G-G-R-G","Grassland","NF1",2025-07-03,2025-07-04,2025-07-08,"Competition","Grassland","NF2","C14","Pterostichus madidus","Escaped",NA,NA,"No","Yes","1",4,116,101,NA,NA,NA,NA,22.5166666666667,6.3,44.5,67.4083333333333,28.8,99.2,14.06,4.64,22.48
"225","B173","G-G-Y-R","Grassland","NF1",2025-07-03,2025-07-04,2025-07-08,"Competition","Grassland","NF2","C15","Abax parallelepipedus","Escaped",NA,NA,"No","Yes","1",4,256,288,NA,NA,NA,NA,22.5166666666667,6.3,44.5,67.4083333333333,28.8,99.2,14.06,4.64,22.48
"226","B178","G-Y-R-B","Woodland","GT1",2025-07-17,2025-07-18,2025-07-21,"Translocation","Grassland","NF1","C7","Abax parallelepipedus","Escaped",NA,NA,"No","Yes","1",3,290,275,NA,NA,NA,NA,NA,NA,NA,NA,NA,NA,NA,NA,NA
"227","B203","Y-R-G-G","Grassland","NF2",2025-07-24,2025-07-25,2025-07-28,"Combined","Grassland","CF","C5","Abax parallelepipedus","Escaped",NA,NA,"No","Yes","1",3,398,382,NA,NA,NA,NA,21.6354166666667,10,35.875,68.0208333333333,35.375,97.125,14.2166666666667,9.025,19.425
"228","B208","Y-R-Y-Y","Woodland","GT2",2025-07-24,2025-07-25,2025-07-28,"Combined","Grassland","LC","C24","Pterostichus madidus","Escaped",NA,NA,"No","Yes","1",3,175,166,NA,NA,NA,NA,20.9010416666667,8.875,36.625,67.875,32.25,96.25,13.3041666666666,7.925,18.725
"229","B209","Y-B-R-R","Woodland","GT2",2025-07-24,2025-07-25,2025-07-28,"Combined","Grassland","CF","C13","Abax parallelepipedus","Escaped",NA,NA,"No","Yes","1",3,313,303,NA,NA,NA,NA,21.6354166666667,10,35.875,68.0208333333333,35.375,97.125,14.2166666666667,9.025,19.425
"230","B220","Y-B-G-Y","Woodland","GT2",2025-07-25,2025-07-26,2025-07-29,"Control","Woodland","MC","C23","Abax parallelepipedus","Escaped",NA,NA,"No","Yes","1",3,291,271,NA,NA,NA,NA,17.0572916666667,12.75,20.625,82.5833333333333,67.625,94.5,13.9229166666666,11.675,15.7
"231","B223","Y-B-Y-G","Woodland","BN",2025-07-25,2025-07-26,2025-07-29,"Translocation","Grassland","NF2","C15","Abax sp.","Escaped",NA,NA,"No","Yes","1",3,368,322,NA,NA,NA,NA,19.6302083333333,6.375,39,75.4010416666667,39.375,100,14.0583333333333,5.7,22
"232","B226","Y-G-R-B","Grassland","NF1",2025-07-25,2025-07-26,2025-07-29,"Control","Grassland","NF2","C14","Pterostichus madidus","Escaped",NA,NA,"No","Yes","1",3,120,110,NA,NA,NA,NA,19.6302083333333,6.375,39,75.4010416666667,39.375,100,14.0583333333333,5.7,22
"233","B227","Y-G-R-G","Grassland","NF2",2025-07-25,2025-07-26,2025-07-29,"Combined","Grassland","NF2","C21","Pterostichus madidus","Escaped",NA,NA,"No","Yes","1",3,108,101,NA,NA,NA,NA,19.6302083333333,6.375,39,75.4010416666667,39.375,100,14.0583333333333,5.7,22
"234","B228","Y-G-R-Y","Grassland","NF2",2025-07-25,2025-07-26,2025-07-29,"Translocation","Woodland","MC","C10","Pterostichus madidus","Escaped",NA,NA,"No","Yes","1",3,110,100,NA,NA,NA,NA,17.0572916666667,12.75,20.625,82.5833333333333,67.625,94.5,13.9229166666666,11.675,15.7
"235","B230","Y-G-B-B","Grassland","NF2",2025-07-25,2025-07-26,2025-07-29,"Control","Grassland","NF1","C18","Pterostichus madidus","Escaped",NA,NA,"No","Yes","1",3,137,127,NA,NA,NA,NA,NA,NA,NA,NA,NA,NA,NA,NA,NA
"236","B232","Y-G-B-Y","Grassland","NF1",2025-07-31,2025-08-01,2025-08-04,"Competition","Grassland","CF","C13","Abax parallelepipedus","Escaped",NA,NA,"No","Yes","1",3,282,262,NA,NA,NA,NA,18.5572916666667,8.125,31.75,77.890625,49.625,100,13.9104166666667,7.3,19.5
"237","B233","Y-G-G-R","Grassland","NF1",2025-07-31,2025-08-01,2025-08-04,"Translocation","Woodland","GT1","C16","Pterostichus madidus","Escaped",NA,NA,"No","Yes","1",3,151,139,NA,NA,NA,NA,16.953125,12,22.875,89.921875,74.25,98.875,15.1958333333333,11.7,19.15
"238","B234","Y-G-G-B","Grassland","NF1",2025-07-31,2025-08-01,2025-08-04,"Translocation","Woodland","GT2","C11","Abax parallelepipedus","Escaped",NA,NA,"Yes","Yes. Has a little parasite thing on it","1",3,342,320,NA,NA,NA,NA,16.3020833333333,11.875,21.375,89.21875,74.875,98.125,14.4458333333334,11.425,17.025
"239","B239","Y-G-Y-G","Grassland","NF1",2025-07-31,2025-08-01,2025-08-04,"Translocation","Woodland","BN","C8","Abax parallelepipedus","Escaped",NA,NA,"No","Yes","1",3,308,292,NA,NA,NA,NA,17.2135416666667,11.75,22.875,84.921875,67.5,97.125,14.5177083333333,11.1,17.3
"240","B241","Y-Y-R-R","Grassland","NF2",2025-07-31,2025-08-01,2025-08-04,"Translocation","Woodland","GT1","C4","Abax sp.","Escaped",NA,NA,"Yes","Yes","1",3,708,497,NA,NA,NA,NA,16.953125,12,22.875,89.921875,74.25,98.875,15.1958333333333,11.7,19.15
"241","B244","Y-Y-R-Y","Grassland","NF2",2025-07-31,2025-08-01,2025-08-04,"Combined","Grassland","NF1","C18","Pterostichus madidus","Escaped",NA,NA,"No","Yes","1",3,136,126,NA,NA,NA,NA,NA,NA,NA,NA,NA,NA,NA,NA,NA
"242","B246","Y-Y-B-B","Grassland","NF2",2025-07-31,2025-08-01,2025-08-04,"Control","Grassland","CF","C17","Pterostichus madidus","Escaped",NA,NA,"No","Yes","1",3,150,134,NA,NA,NA,NA,18.5572916666667,8.125,31.75,77.890625,49.625,100,13.9104166666667,7.3,19.5
"243","B248","Y-Y-B-Y","Grassland","CF",2025-07-31,2025-08-01,2025-08-04,"Control","Grassland","CF","C5","Abax sp.","Escaped",NA,NA,"No","Yes","1",3,413,381,NA,NA,NA,NA,18.5572916666667,8.125,31.75,77.890625,49.625,100,13.9104166666667,7.3,19.5
"244","B249","Y-Y-G-R","Grassland","CF",2025-07-31,2025-08-01,2025-08-04,"Control","Grassland","LC","C19","Nebria brevicollis","Escaped",NA,NA,"No","Yes","1",3,52,47,NA,NA,NA,NA,18.3177083333333,7.375,31.5,76.390625,46.25,100,13.1604166666667,7.05,18.2
"245","B254","Y-Y-Y-B","Woodland","BN",2025-07-31,2025-08-01,2025-08-04,"Control","Woodland","MC","C23","Pterostichus madidus","Escaped",NA,NA,"No","Yes. Weird movement in front legs might be injured. Might die soon.","1",3,108,98,NA,NA,NA,NA,16.6822916666667,12.5,21.375,87.9895833333333,71.75,97.5,14.5916666666667,12.025,17.075
"246","B255","Y-Y-Y-G","Woodland","GT2",2025-07-31,2025-08-01,2025-08-04,"Control","Woodland","MC","C3","Abax parallelepipedus","Escaped",NA,NA,"No","Yes","1",3,287,277,NA,NA,NA,NA,16.6822916666667,12.5,21.375,87.9895833333333,71.75,97.5,14.5916666666667,12.025,17.075
"247","B256","Y-Y-Y-Y","Woodland","GT2",2025-07-31,2025-08-01,2025-08-04,"Competition","Woodland","BN","C25","Abax parallelepipedus","Escaped",NA,NA,"No","Yes","1",3,382,367,NA,NA,NA,NA,17.2135416666667,11.75,22.875,84.921875,67.5,97.125,14.5177083333333,11.1,17.3
"248","B257","R-R-R-R","Woodland","GT2",2025-07-31,2025-08-01,2025-08-04,"Competition","Woodland","GT1","C12","Abax parallelepipedus","Escaped",NA,NA,"No","Yes. Left front leg broken.","1",3,252,243,NA,NA,NA,NA,16.953125,12,22.875,89.921875,74.25,98.875,15.1958333333333,11.7,19.15
"249","B259","","","",NA,NA,NA,"","","","","","",NA,NA,"","",NA,NA,NA,NA,NA,NA,NA,NA,NA,NA,NA,NA,NA,NA,NA,NA,NA
"250","B260","","","",NA,NA,NA,"","","","","","",NA,NA,"","",NA,NA,NA,NA,NA,NA,NA,NA,NA,NA,NA,NA,NA,NA,NA,NA,NA
"251","B261","","","",NA,NA,NA,"","","","","","",NA,NA,"","",NA,NA,NA,NA,NA,NA,NA,NA,NA,NA,NA,NA,NA,NA,NA,NA,NA
"252","B262","","","",NA,NA,NA,"","","","","","",NA,NA,"","",NA,NA,NA,NA,NA,NA,NA,NA,NA,NA,NA,NA,NA,NA,NA,NA,NA
"253","B263","","","",NA,NA,NA,"","","","","","",NA,NA,"","",NA,NA,NA,NA,NA,NA,NA,NA,NA,NA,NA,NA,NA,NA,NA,NA,NA
"254","B264","","","",NA,NA,NA,"","","","","","",NA,NA,"","",NA,NA,NA,NA,NA,NA,NA,NA,NA,NA,NA,NA,NA,NA,NA,NA,NA
"255","B265","","","",NA,NA,NA,"","","","","","",NA,NA,"","",NA,NA,NA,NA,NA,NA,NA,NA,NA,NA,NA,NA,NA,NA,NA,NA,NA
"256","B266","","","",NA,NA,NA,"","","","","","",NA,NA,"","",NA,NA,NA,NA,NA,NA,NA,NA,NA,NA,NA,NA,NA,NA,NA,NA,NA
"257","B267","","","",NA,NA,NA,"","","","","","",NA,NA,"","",NA,NA,NA,NA,NA,NA,NA,NA,NA,NA,NA,NA,NA,NA,NA,NA,NA
"258","B268","","","",NA,NA,NA,"","","","","","",NA,NA,"","",NA,NA,NA,NA,NA,NA,NA,NA,NA,NA,NA,NA,NA,NA,NA,NA,NA
"259","B269","","","",NA,NA,NA,"","","","","","",NA,NA,"","",NA,NA,NA,NA,NA,NA,NA,NA,NA,NA,NA,NA,NA,NA,NA,NA,NA
"260","B270","","","",NA,NA,NA,"","","","","","",NA,NA,"","",NA,NA,NA,NA,NA,NA,NA,NA,NA,NA,NA,NA,NA,NA,NA,NA,NA
"261","B271","","","",NA,NA,NA,"","","","","","",NA,NA,"","",NA,NA,NA,NA,NA,NA,NA,NA,NA,NA,NA,NA,NA,NA,NA,NA,NA
"262","B272","","","",NA,NA,NA,"","","","","","",NA,NA,"","",NA,NA,NA,NA,NA,NA,NA,NA,NA,NA,NA,NA,NA,NA,NA,NA,NA
"263","B273","","","",NA,NA,NA,"","","","","","",NA,NA,"","",NA,NA,NA,NA,NA,NA,NA,NA,NA,NA,NA,NA,NA,NA,NA,NA,NA
"264","B274","","","",NA,NA,NA,"","","","","","",NA,NA,"","",NA,NA,NA,NA,NA,NA,NA,NA,NA,NA,NA,NA,NA,NA,NA,NA,NA
"265","B275","","","",NA,NA,NA,"","","","","","",NA,NA,"","",NA,NA,NA,NA,NA,NA,NA,NA,NA,NA,NA,NA,NA,NA,NA,NA,NA
"266","B276","","","",NA,NA,NA,"","","","","","",NA,NA,"","",NA,NA,NA,NA,NA,NA,NA,NA,NA,NA,NA,NA,NA,NA,NA,NA,NA
"267","B277","","","",NA,NA,NA,"","","","","","",NA,NA,"","",NA,NA,NA,NA,NA,NA,NA,NA,NA,NA,NA,NA,NA,NA,NA,NA,NA
"268","B278","","","",NA,NA,NA,"","","","","","",NA,NA,"","",NA,NA,NA,NA,NA,NA,NA,NA,NA,NA,NA,NA,NA,NA,NA,NA,NA
"269","B279","","","",NA,NA,NA,"","","","","","",NA,NA,"","",NA,NA,NA,NA,NA,NA,NA,NA,NA,NA,NA,NA,NA,NA,NA,NA,NA
"270","B280","","","",NA,NA,NA,"","","","","","",NA,NA,"","",NA,NA,NA,NA,NA,NA,NA,NA,NA,NA,NA,NA,NA,NA,NA,NA,NA
"271","B281","","","",NA,NA,NA,"","","","","","",NA,NA,"","",NA,NA,NA,NA,NA,NA,NA,NA,NA,NA,NA,NA,NA,NA,NA,NA,NA
"272","B282","","","",NA,NA,NA,"","","","","","",NA,NA,"","",NA,NA,NA,NA,NA,NA,NA,NA,NA,NA,NA,NA,NA,NA,NA,NA,NA
"273","B283","","","",NA,NA,NA,"","","","","","",NA,NA,"","",NA,NA,NA,NA,NA,NA,NA,NA,NA,NA,NA,NA,NA,NA,NA,NA,NA
"274","B284","","","",NA,NA,NA,"","","","","","",NA,NA,"","",NA,NA,NA,NA,NA,NA,NA,NA,NA,NA,NA,NA,NA,NA,NA,NA,NA
"275","B285","","","",NA,NA,NA,"","","","","","",NA,NA,"","",NA,NA,NA,NA,NA,NA,NA,NA,NA,NA,NA,NA,NA,NA,NA,NA,NA
"276","B286","","","",NA,NA,NA,"","","","","","",NA,NA,"","",NA,NA,NA,NA,NA,NA,NA,NA,NA,NA,NA,NA,NA,NA,NA,NA,NA
"277","B287","","","",NA,NA,NA,"","","","","","",NA,NA,"","",NA,NA,NA,NA,NA,NA,NA,NA,NA,NA,NA,NA,NA,NA,NA,NA,NA
"278","B288","","","",NA,NA,NA,"","","","","","",NA,NA,"","",NA,NA,NA,NA,NA,NA,NA,NA,NA,NA,NA,NA,NA,NA,NA,NA,NA
"279","B289","","","",NA,NA,NA,"","","","","","",NA,NA,"","",NA,NA,NA,NA,NA,NA,NA,NA,NA,NA,NA,NA,NA,NA,NA,NA,NA
"280","B290","","","",NA,NA,NA,"","","","","","",NA,NA,"","",NA,NA,NA,NA,NA,NA,NA,NA,NA,NA,NA,NA,NA,NA,NA,NA,NA
"281","B291","","","",NA,NA,NA,"","","","","","",NA,NA,"","",NA,NA,NA,NA,NA,NA,NA,NA,NA,NA,NA,NA,NA,NA,NA,NA,NA
"282","B292","","","",NA,NA,NA,"","","","","","",NA,NA,"","",NA,NA,NA,NA,NA,NA,NA,NA,NA,NA,NA,NA,NA,NA,NA,NA,NA
"283","B293","","","",NA,NA,NA,"","","","","","",NA,NA,"","",NA,NA,NA,NA,NA,NA,NA,NA,NA,NA,NA,NA,NA,NA,NA,NA,NA
"284","B294","","","",NA,NA,NA,"","","","","","",NA,NA,"","",NA,NA,NA,NA,NA,NA,NA,NA,NA,NA,NA,NA,NA,NA,NA,NA,NA
"285","B295","","","",NA,NA,NA,"","","","","","",NA,NA,"","",NA,NA,NA,NA,NA,NA,NA,NA,NA,NA,NA,NA,NA,NA,NA,NA,NA
"286","B296","","","",NA,NA,NA,"","","","","","",NA,NA,"","",NA,NA,NA,NA,NA,NA,NA,NA,NA,NA,NA,NA,NA,NA,NA,NA,NA
"287","B297","","","",NA,NA,NA,"","","","","","",NA,NA,"","",NA,NA,NA,NA,NA,NA,NA,NA,NA,NA,NA,NA,NA,NA,NA,NA,NA
"288","B298","","","",NA,NA,NA,"","","","","","",NA,NA,"","",NA,NA,NA,NA,NA,NA,NA,NA,NA,NA,NA,NA,NA,NA,NA,NA,NA
"289","B299","","","",NA,NA,NA,"","","","","","",NA,NA,"","",NA,NA,NA,NA,NA,NA,NA,NA,NA,NA,NA,NA,NA,NA,NA,NA,NA
"290","B300","","","",NA,NA,NA,"","","","","","",NA,NA,"","",NA,NA,NA,NA,NA,NA,NA,NA,NA,NA,NA,NA,NA,NA,NA,NA,NA
"291","B301","","","",NA,NA,NA,"","","","","","",NA,NA,"","",NA,NA,NA,NA,NA,NA,NA,NA,NA,NA,NA,NA,NA,NA,NA,NA,NA
"292","B302","","","",NA,NA,NA,"","","","","","",NA,NA,"","",NA,NA,NA,NA,NA,NA,NA,NA,NA,NA,NA,NA,NA,NA,NA,NA,NA
"293","B303","","","",NA,NA,NA,"","","","","","",NA,NA,"","",NA,NA,NA,NA,NA,NA,NA,NA,NA,NA,NA,NA,NA,NA,NA,NA,NA
"294","B304","","","",NA,NA,NA,"","","","","","",NA,NA,"","",NA,NA,NA,NA,NA,NA,NA,NA,NA,NA,NA,NA,NA,NA,NA,NA,NA
"295","B305","","","",NA,NA,NA,"","","","","","",NA,NA,"","",NA,NA,NA,NA,NA,NA,NA,NA,NA,NA,NA,NA,NA,NA,NA,NA,NA
"296","B306","","","",NA,NA,NA,"","","","","","",NA,NA,"","",NA,NA,NA,NA,NA,NA,NA,NA,NA,NA,NA,NA,NA,NA,NA,NA,NA
"297","B307","","","",NA,NA,NA,"","","","","","",NA,NA,"","",NA,NA,NA,NA,NA,NA,NA,NA,NA,NA,NA,NA,NA,NA,NA,NA,NA
"298","B308","","","",NA,NA,NA,"","","","","","",NA,NA,"","",NA,NA,NA,NA,NA,NA,NA,NA,NA,NA,NA,NA,NA,NA,NA,NA,NA
"299","B309","","","",NA,NA,NA,"","","","","","",NA,NA,"","",NA,NA,NA,NA,NA,NA,NA,NA,NA,NA,NA,NA,NA,NA,NA,NA,NA
"300","B310","","","",NA,NA,NA,"","","","","","",NA,NA,"","",NA,NA,NA,NA,NA,NA,NA,NA,NA,NA,NA,NA,NA,NA,NA,NA,NA
"301","B311","","","",NA,NA,NA,"","","","","","",NA,NA,"","",NA,NA,NA,NA,NA,NA,NA,NA,NA,NA,NA,NA,NA,NA,NA,NA,NA
"302","B312","","","",NA,NA,NA,"","","","","","",NA,NA,"","",NA,NA,NA,NA,NA,NA,NA,NA,NA,NA,NA,NA,NA,NA,NA,NA,NA
"303","B313","","","",NA,NA,NA,"","","","","","",NA,NA,"","",NA,NA,NA,NA,NA,NA,NA,NA,NA,NA,NA,NA,NA,NA,NA,NA,NA
"304","B314","","","",NA,NA,NA,"","","","","","",NA,NA,"","",NA,NA,NA,NA,NA,NA,NA,NA,NA,NA,NA,NA,NA,NA,NA,NA,NA
"305","B315","","","",NA,NA,NA,"","","","","","",NA,NA,"","",NA,NA,NA,NA,NA,NA,NA,NA,NA,NA,NA,NA,NA,NA,NA,NA,NA
"306","B316","","","",NA,NA,NA,"","","","","","",NA,NA,"","",NA,NA,NA,NA,NA,NA,NA,NA,NA,NA,NA,NA,NA,NA,NA,NA,NA
"307","B317","","","",NA,NA,NA,"","","","","","",NA,NA,"","",NA,NA,NA,NA,NA,NA,NA,NA,NA,NA,NA,NA,NA,NA,NA,NA,NA
"308","B318","","","",NA,NA,NA,"","","","","","",NA,NA,"","",NA,NA,NA,NA,NA,NA,NA,NA,NA,NA,NA,NA,NA,NA,NA,NA,NA
"309","B319","","","",NA,NA,NA,"","","","","","",NA,NA,"","",NA,NA,NA,NA,NA,NA,NA,NA,NA,NA,NA,NA,NA,NA,NA,NA,NA
"310","B320","","","",NA,NA,NA,"","","","","","",NA,NA,"","",NA,NA,NA,NA,NA,NA,NA,NA,NA,NA,NA,NA,NA,NA,NA,NA,NA
"311","B321","","","",NA,NA,NA,"","","","","","",NA,NA,"","",NA,NA,NA,NA,NA,NA,NA,NA,NA,NA,NA,NA,NA,NA,NA,NA,NA
"312","B322","","","",NA,NA,NA,"","","","","","",NA,NA,"","",NA,NA,NA,NA,NA,NA,NA,NA,NA,NA,NA,NA,NA,NA,NA,NA,NA
"313","B323","","","",NA,NA,NA,"","","","","","",NA,NA,"","",NA,NA,NA,NA,NA,NA,NA,NA,NA,NA,NA,NA,NA,NA,NA,NA,NA
"314","B324","","","",NA,NA,NA,"","","","","","",NA,NA,"","",NA,NA,NA,NA,NA,NA,NA,NA,NA,NA,NA,NA,NA,NA,NA,NA,NA
"315","B325","","","",NA,NA,NA,"","","","","","",NA,NA,"","",NA,NA,NA,NA,NA,NA,NA,NA,NA,NA,NA,NA,NA,NA,NA,NA,NA
"316","B326","","","",NA,NA,NA,"","","","","","",NA,NA,"","",NA,NA,NA,NA,NA,NA,NA,NA,NA,NA,NA,NA,NA,NA,NA,NA,NA
"317","B327","","","",NA,NA,NA,"","","","","","",NA,NA,"","",NA,NA,NA,NA,NA,NA,NA,NA,NA,NA,NA,NA,NA,NA,NA,NA,NA
"318","B328","","","",NA,NA,NA,"","","","","","",NA,NA,"","",NA,NA,NA,NA,NA,NA,NA,NA,NA,NA,NA,NA,NA,NA,NA,NA,NA
"319","B329","","","",NA,NA,NA,"","","","","","",NA,NA,"","",NA,NA,NA,NA,NA,NA,NA,NA,NA,NA,NA,NA,NA,NA,NA,NA,NA
"320","B330","","","",NA,NA,NA,"","","","","","",NA,NA,"","",NA,NA,NA,NA,NA,NA,NA,NA,NA,NA,NA,NA,NA,NA,NA,NA,NA
"321","B331","","","",NA,NA,NA,"","","","","","",NA,NA,"","",NA,NA,NA,NA,NA,NA,NA,NA,NA,NA,NA,NA,NA,NA,NA,NA,NA
"322","B332","","","",NA,NA,NA,"","","","","","",NA,NA,"","",NA,NA,NA,NA,NA,NA,NA,NA,NA,NA,NA,NA,NA,NA,NA,NA,NA
"323","B333","","","",NA,NA,NA,"","","","","","",NA,NA,"","",NA,NA,NA,NA,NA,NA,NA,NA,NA,NA,NA,NA,NA,NA,NA,NA,NA
"324","B334","","","",NA,NA,NA,"","","","","","",NA,NA,"","",NA,NA,NA,NA,NA,NA,NA,NA,NA,NA,NA,NA,NA,NA,NA,NA,NA
"325","B335","","","",NA,NA,NA,"","","","","","",NA,NA,"","",NA,NA,NA,NA,NA,NA,NA,NA,NA,NA,NA,NA,NA,NA,NA,NA,NA
"326","B336","","","",NA,NA,NA,"","","","","","",NA,NA,"","",NA,NA,NA,NA,NA,NA,NA,NA,NA,NA,NA,NA,NA,NA,NA,NA,NA
"327","B337","","","",NA,NA,NA,"","","","","","",NA,NA,"","",NA,NA,NA,NA,NA,NA,NA,NA,NA,NA,NA,NA,NA,NA,NA,NA,NA
"328","B338","","","",NA,NA,NA,"","","","","","",NA,NA,"","",NA,NA,NA,NA,NA,NA,NA,NA,NA,NA,NA,NA,NA,NA,NA,NA,NA
"329","B339","","","",NA,NA,NA,"","","","","","",NA,NA,"","",NA,NA,NA,NA,NA,NA,NA,NA,NA,NA,NA,NA,NA,NA,NA,NA,NA
"330","B340","","","",NA,NA,NA,"","","","","","",NA,NA,"","",NA,NA,NA,NA,NA,NA,NA,NA,NA,NA,NA,NA,NA,NA,NA,NA,NA
"331","B341","","","",NA,NA,NA,"","","","","","",NA,NA,"","",NA,NA,NA,NA,NA,NA,NA,NA,NA,NA,NA,NA,NA,NA,NA,NA,NA
"332","B342","","","",NA,NA,NA,"","","","","","",NA,NA,"","",NA,NA,NA,NA,NA,NA,NA,NA,NA,NA,NA,NA,NA,NA,NA,NA,NA
"333","B343","","","",NA,NA,NA,"","","","","","",NA,NA,"","",NA,NA,NA,NA,NA,NA,NA,NA,NA,NA,NA,NA,NA,NA,NA,NA,NA
"334","B344","","","",NA,NA,NA,"","","","","","",NA,NA,"","",NA,NA,NA,NA,NA,NA,NA,NA,NA,NA,NA,NA,NA,NA,NA,NA,NA
"335","B345","","","",NA,NA,NA,"","","","","","",NA,NA,"","",NA,NA,NA,NA,NA,NA,NA,NA,NA,NA,NA,NA,NA,NA,NA,NA,NA
"336","B346","","","",NA,NA,NA,"","","","","","",NA,NA,"","",NA,NA,NA,NA,NA,NA,NA,NA,NA,NA,NA,NA,NA,NA,NA,NA,NA
"337","B347","","","",NA,NA,NA,"","","","","","",NA,NA,"","",NA,NA,NA,NA,NA,NA,NA,NA,NA,NA,NA,NA,NA,NA,NA,NA,NA
"338","B348","","","",NA,NA,NA,"","","","","","",NA,NA,"","",NA,NA,NA,NA,NA,NA,NA,NA,NA,NA,NA,NA,NA,NA,NA,NA,NA
"339","B349","","","",NA,NA,NA,"","","","","","",NA,NA,"","",NA,NA,NA,NA,NA,NA,NA,NA,NA,NA,NA,NA,NA,NA,NA,NA,NA
"340","B350","","","",NA,NA,NA,"","","","","","",NA,NA,"","",NA,NA,NA,NA,NA,NA,NA,NA,NA,NA,NA,NA,NA,NA,NA,NA,NA
"341","B351","","","",NA,NA,NA,"","","","","","",NA,NA,"","",NA,NA,NA,NA,NA,NA,NA,NA,NA,NA,NA,NA,NA,NA,NA,NA,NA
"342","B352","","","",NA,NA,NA,"","","","","","",NA,NA,"","",NA,NA,NA,NA,NA,NA,NA,NA,NA,NA,NA,NA,NA,NA,NA,NA,NA
"343","B353","","","",NA,NA,NA,"","","","","","",NA,NA,"","",NA,NA,NA,NA,NA,NA,NA,NA,NA,NA,NA,NA,NA,NA,NA,NA,NA
"344","B354","","","",NA,NA,NA,"","","","","","",NA,NA,"","",NA,NA,NA,NA,NA,NA,NA,NA,NA,NA,NA,NA,NA,NA,NA,NA,NA
"345","B355","","","",NA,NA,NA,"","","","","","",NA,NA,"","",NA,NA,NA,NA,NA,NA,NA,NA,NA,NA,NA,NA,NA,NA,NA,NA,NA
"346","B356","","","",NA,NA,NA,"","","","","","",NA,NA,"","",NA,NA,NA,NA,NA,NA,NA,NA,NA,NA,NA,NA,NA,NA,NA,NA,NA
"347","B357","","","",NA,NA,NA,"","","","","","",NA,NA,"","",NA,NA,NA,NA,NA,NA,NA,NA,NA,NA,NA,NA,NA,NA,NA,NA,NA
"348","B358","","","",NA,NA,NA,"","","","","","",NA,NA,"","",NA,NA,NA,NA,NA,NA,NA,NA,NA,NA,NA,NA,NA,NA,NA,NA,NA
"349","B359","","","",NA,NA,NA,"","","","","","",NA,NA,"","",NA,NA,NA,NA,NA,NA,NA,NA,NA,NA,NA,NA,NA,NA,NA,NA,NA
"350","B360","","","",NA,NA,NA,"","","","","","",NA,NA,"","",NA,NA,NA,NA,NA,NA,NA,NA,NA,NA,NA,NA,NA,NA,NA,NA,NA
"351","B361","","","",NA,NA,NA,"","","","","","",NA,NA,"","",NA,NA,NA,NA,NA,NA,NA,NA,NA,NA,NA,NA,NA,NA,NA,NA,NA
"352","B362","","","",NA,NA,NA,"","","","","","",NA,NA,"","",NA,NA,NA,NA,NA,NA,NA,NA,NA,NA,NA,NA,NA,NA,NA,NA,NA
"353","B363","","","",NA,NA,NA,"","","","","","",NA,NA,"","",NA,NA,NA,NA,NA,NA,NA,NA,NA,NA,NA,NA,NA,NA,NA,NA,NA
"354","B364","","","",NA,NA,NA,"","","","","","",NA,NA,"","",NA,NA,NA,NA,NA,NA,NA,NA,NA,NA,NA,NA,NA,NA,NA,NA,NA
"355","B365","","","",NA,NA,NA,"","","","","","",NA,NA,"","",NA,NA,NA,NA,NA,NA,NA,NA,NA,NA,NA,NA,NA,NA,NA,NA,NA
"356","B366","","","",NA,NA,NA,"","","","","","",NA,NA,"","",NA,NA,NA,NA,NA,NA,NA,NA,NA,NA,NA,NA,NA,NA,NA,NA,NA
"357","B367","","","",NA,NA,NA,"","","","","","",NA,NA,"","",NA,NA,NA,NA,NA,NA,NA,NA,NA,NA,NA,NA,NA,NA,NA,NA,NA
"358","B368","","","",NA,NA,NA,"","","","","","",NA,NA,"","",NA,NA,NA,NA,NA,NA,NA,NA,NA,NA,NA,NA,NA,NA,NA,NA,NA
"359","B369","","","",NA,NA,NA,"","","","","","",NA,NA,"","",NA,NA,NA,NA,NA,NA,NA,NA,NA,NA,NA,NA,NA,NA,NA,NA,NA
"360","B370","","","",NA,NA,NA,"","","","","","",NA,NA,"","",NA,NA,NA,NA,NA,NA,NA,NA,NA,NA,NA,NA,NA,NA,NA,NA,NA
"361","B371","","","",NA,NA,NA,"","","","","","",NA,NA,"","",NA,NA,NA,NA,NA,NA,NA,NA,NA,NA,NA,NA,NA,NA,NA,NA,NA
"362","B372","","","",NA,NA,NA,"","","","","","",NA,NA,"","",NA,NA,NA,NA,NA,NA,NA,NA,NA,NA,NA,NA,NA,NA,NA,NA,NA
"363","B373","","","",NA,NA,NA,"","","","","","",NA,NA,"","",NA,NA,NA,NA,NA,NA,NA,NA,NA,NA,NA,NA,NA,NA,NA,NA,NA
"364","B374","","","",NA,NA,NA,"","","","","","",NA,NA,"","",NA,NA,NA,NA,NA,NA,NA,NA,NA,NA,NA,NA,NA,NA,NA,NA,NA
"365","B375","","","",NA,NA,NA,"","","","","","",NA,NA,"","",NA,NA,NA,NA,NA,NA,NA,NA,NA,NA,NA,NA,NA,NA,NA,NA,NA
"366","B376","","","",NA,NA,NA,"","","","","","",NA,NA,"","",NA,NA,NA,NA,NA,NA,NA,NA,NA,NA,NA,NA,NA,NA,NA,NA,NA
"367","B377","","","",NA,NA,NA,"","","","","","",NA,NA,"","",NA,NA,NA,NA,NA,NA,NA,NA,NA,NA,NA,NA,NA,NA,NA,NA,NA
"368","B378","","","",NA,NA,NA,"","","","","","",NA,NA,"","",NA,NA,NA,NA,NA,NA,NA,NA,NA,NA,NA,NA,NA,NA,NA,NA,NA
"369","B379","","","",NA,NA,NA,"","","","","","",NA,NA,"","",NA,NA,NA,NA,NA,NA,NA,NA,NA,NA,NA,NA,NA,NA,NA,NA,NA
"370","B380","","","",NA,NA,NA,"","","","","","",NA,NA,"","",NA,NA,NA,NA,NA,NA,NA,NA,NA,NA,NA,NA,NA,NA,NA,NA,NA
"371","B381","","","",NA,NA,NA,"","","","","","",NA,NA,"","",NA,NA,NA,NA,NA,NA,NA,NA,NA,NA,NA,NA,NA,NA,NA,NA,NA
"372","B382","","","",NA,NA,NA,"","","","","","",NA,NA,"","",NA,NA,NA,NA,NA,NA,NA,NA,NA,NA,NA,NA,NA,NA,NA,NA,NA
"373","B383","","","",NA,NA,NA,"","","","","","",NA,NA,"","",NA,NA,NA,NA,NA,NA,NA,NA,NA,NA,NA,NA,NA,NA,NA,NA,NA
"374","B384","","","",NA,NA,NA,"","","","","","",NA,NA,"","",NA,NA,NA,NA,NA,NA,NA,NA,NA,NA,NA,NA,NA,NA,NA,NA,NA
"375","B385","","","",NA,NA,NA,"","","","","","",NA,NA,"","",NA,NA,NA,NA,NA,NA,NA,NA,NA,NA,NA,NA,NA,NA,NA,NA,NA
"376","B386","","","",NA,NA,NA,"","","","","","",NA,NA,"","",NA,NA,NA,NA,NA,NA,NA,NA,NA,NA,NA,NA,NA,NA,NA,NA,NA
"377","B387","","","",NA,NA,NA,"","","","","","",NA,NA,"","",NA,NA,NA,NA,NA,NA,NA,NA,NA,NA,NA,NA,NA,NA,NA,NA,NA
"378","B388","","","",NA,NA,NA,"","","","","","",NA,NA,"","",NA,NA,NA,NA,NA,NA,NA,NA,NA,NA,NA,NA,NA,NA,NA,NA,NA
"379","B389","","","",NA,NA,NA,"","","","","","",NA,NA,"","",NA,NA,NA,NA,NA,NA,NA,NA,NA,NA,NA,NA,NA,NA,NA,NA,NA
"380","B390","","","",NA,NA,NA,"","","","","","",NA,NA,"","",NA,NA,NA,NA,NA,NA,NA,NA,NA,NA,NA,NA,NA,NA,NA,NA,NA
"381","B391","","","",NA,NA,NA,"","","","","","",NA,NA,"","",NA,NA,NA,NA,NA,NA,NA,NA,NA,NA,NA,NA,NA,NA,NA,NA,NA
