Beetle_ID,Color_Code,Collection_Site_Type,Plot_ID,Date_Starvation,Date_Release,Date_Collection,Treatment,Release_Site_Type,Release_Plot_ID,Cage_ID,Species,Weight_g,Weight_After_starvation_g,Weight_After_Field_g,Status_In_Field,Date_Weight_In_Lab,Weight_After_Lab_g,Second_Date_Weight_in_Lab,Second_Weight_in_Lab_g,Eggs,Notes
B006,R-R-B-B,Woodland,BN,04/06/2025,06/06/2025,09/06/2025,Competition,Woodland,MC,C3,Nebria brevicollis,0.094,0.082,0.078,Alive,,,,,NA,Yes. Accidental blue streak between the top red dots. Still alive but died shortly after collection from the field.
B014,R-R-Y-B,Woodland,GT2,11/06/2025,14/06/2025,17/06/2025,Control,Woodland,BN,C8,Abax parallelepipedus,0.272,0.2305,0.148,Alive,,,,,NA,Yes
B056,R-Y-B-Y,Woodland,GT1,19/06/2025,21/06/2025,24/06/2025,Competition,Woodland,MC,C23,Pterostichus madidus,0.143,0.132,0.100,Alive,26/06/2025,0.083,NA,NA,NA,Yes. Appears dead but small twitching of leg. Died a day later in the lab.
B065,B-R-R-R,Woodland,MC,19/06/2025,21/06/2025,24/06/2025,Competition,Woodland,BN,C6,Pterostichus madidus,0.119,0.105,0.112,Alive,30/06/2025,0.091,10/07/2025,0.081,NA,Yes. This beetle was in a box deeper in soil ad had a lot of substrate. Died in the lab.
B069,B-R-B-R,Grassland,NF2,26/06/2025,27/06/2025,30/06/2025,Combined,Woodland,GT1,C16,Abax sp.,0.638,0.584,0.598,Alive,10/07/2025,0.534,21/07/2025,0.434,No,Yes
B070,B-R-B-B,Grassland,NF2,26/06/2025,27/06/2025,30/06/2025,Translocation,Woodland,GT2,C11,Pterostichus madidus,0.148,0.131,0.108,Alive,10/07/2025,0.071,NA,NA,Yes,Yes. Close to laying eggs. Died in the lab.
B074,B-R-G-B,Grassland,NF1,26/06/2025,27/06/2025,30/06/2025,Combined,Woodland,GT2,C2,Abax parallelepipedus,0.340,0.288,0.273,Alive,10/07/2025,0.204,NA,NA,Yes,Yes. Close to laying eggs. Died in the lab.
B075,B-R-G-G,Woodland,BN,26/06/2025,27/06/2025,30/06/2025,Translocation,Grassland,LC,C24,Pterostichus madidus,0.150,0.131,0.097,Alive,,,,,No,Yes
B079,B-R-Y-G,Woodland,GT2,26/06/2025,27/06/2025,30/06/2025,Competition,Woodland,GT2,C9,Abax parallelepipedus,0.320,0.266,0.252,Alive,10/07/2025,0.182,NA,NA,No,Yes. Died in the lab.
B082,B-B-R-B,Woodland,GT1,26/06/2025,27/06/2025,30/06/2025,Competition,Woodland,GT2,C9,Abax sp.,0.442,0.406,0.382,Alive,10/07/2025,0.279,21/07/2025,0.230,No,Yes. Slow movement might die soon. Died in the lab.
B088,B-B-B-Y,Grassland,NF2,27/06/2025,28/06/2025,01/07/2025,Combined,Woodland,BN,C6,Pterostichus madidus,0.117,0.103,0.087,Alive,,,,,No,Yes
B089,B-B-G-R,Grassland,NF2,27/06/2025,28/06/2025,01/07/2025,Competition,Grassland,NF2,C14,Pterostichus madidus,0.160,0.140,0.114,Alive,,,,,No,Yes. Accidentally made dots too big and small dot on leg
B090,B-B-G-B,Grassland,NF1,27/06/2025,28/06/2025,01/07/2025,Control,Grassland,NF1,C1,Abax sp.,0.606,0.554,0.315,Alive,08/07/2025,0.223,NA,NA,No,Yes. Found in field weird leg twitching possibly dead or close to dying. Was eaten in the lab.
B092,B-B-G-Y,Grassland,NF1,27/06/2025,28/06/2025,01/07/2025,Combined,Woodland,MC,C3,Abax parallelepipedus,0.354,0.254,0.195,Alive,NA,NA,NA,NA,Yes,Yes. Close to laying eggs. Accidentally crushed with boot and killed in lab
B095,B-B-Y-G,Woodland,BN,27/06/2025,28/06/2025,01/07/2025,Translocation,Grassland,NF1,C7,Abax sp.,0.362,0.309,0.111,Alive,,,,,No,Yes. Lowest pair of legs broken.
B096,B-B-Y-Y,Woodland,BN,27/06/2025,28/06/2025,01/07/2025,Competition,Woodland,BN,C8,Pterostichus madidus,0.145,0.126,0.089,Alive,,,,,No,Yes
B097,B-G-R-R,Woodland,MC,27/06/2025,28/06/2025,01/07/2025,Competition,Woodland,MC,C10,Abax sp.,0.661,0.621,0.453,Alive,08/07/2025,0.448,21/07/2025,0.552,No,Yes
B099,B-G-R-G,Woodland,MC,27/06/2025,28/06/2025,01/07/2025,Combined,Woodland,MC,C3,Pterostichus madidus,0.131,0.122,0.112,Alive,,,,,No,Yes
B104,B-G-B-Y,Woodland,GT1,27/06/2025,28/06/2025,01/07/2025,Combined,Woodland,MC,C23,Abax parallelepipedus,0.284,0.268,0.236,Alive,08/07/2025,0.218,21/07/2025,0.206,No,Yes. Small twitching might die soon. Died in the lab 28/07/2025.
B105,B-G-G-R,Woodland,GT1,27/06/2025,28/06/2025,01/07/2025,Competition,Woodland,BN,C8,Abax parallelepipedus,0.342,0.308,0.232,Alive,08/07/2025,0.214,21/07/2025,0.167,No,Yes. Found dead in the lab when checking weight on 21/07/2025.
B106,B-G-G-B,Woodland,GT1,27/06/2025,28/06/2025,01/07/2025,Translocation,Grassland,NF2,C21,Abax parallelepipedus,0.339,0.296,0.276,Alive,08/07/2025,0.287,,,No,Yes
B108,B-G-G-Y,Woodland,GT2,03/07/2025,04/07/2025,08/07/2025,Competition,Woodland,BN,C25,Abax parallelepipedus,0.295,0.278,0.302,Alive,04/08/2025,0.262,,,No,Yes
B117,B-Y-B-R,Woodland,GT1,03/07/2025,04/07/2025,08/07/2025,Competition,Woodland,GT2,C22,Abax sp.,0.741,0.659,0.537,Alive,21/07/2025,0.471,,,No,Yes. Died in the lab. Body was broken.
B118,B-Y-B-B,Woodland,GT1,03/07/2025,04/07/2025,08/07/2025,Competition,Woodland,BN,C25,Pterostichus madidus,0.121,0.130,0.135,Alive,,,,,No,Yes
B123,B-Y-G-G,Woodland,GT1,03/07/2025,04/07/2025,08/07/2025,Combined,Woodland,MC,C26,Pterostichus madidus,0.142,0.122,0.132,Alive,,,,,No,Yes
B150,G-B-B-B,Woodland,BN,17/07/2025,18/07/2025,21/07/2025,Control,Woodland,GT2,C22,Abax parallelepipedus,0.275,0.261,0.309,Alive,28/07/2025,0.255,,,No,Yes. Died in the lab.
B151,G-B-B-G,Woodland,BN,17/07/2025,18/07/2025,21/07/2025,Translocation,Grassland,CF,C13,Pterostichus madidus,0.119,0.111,0.089,Alive,28/07/2025,0.071,,,No,Yes. Died in the lab.
B153,G-B-G-R,Woodland,BN,17/07/2025,18/07/2025,21/07/2025,Translocation,Grassland,NF1,C1,Pterostichus madidus,0.117,0.110,0.126,Alive,,,,,No,Yes
B154,G-B-G-B,Woodland,BN,17/07/2025,18/07/2025,21/07/2025,Translocation,Grassland,NF2,C14,Pterostichus madidus,0.144,0.132,0.143,Alive,,,,,No,Yes
B158,G-B-Y-B,Woodland,MC,03/07/2025,04/07/2025,08/07/2025,Competition,Woodland,MC,C23,Abax parallelepipedus,0.279,0.266,0.229,Alive,21/07/2025,0.211,,,No,Yes. Died in the lab.
B161,G-G-R-R,Grassland,NF1,03/07/2025,04/07/2025,08/07/2025,Combined,Woodland,MC,C26,Abax parallelepipedus,0.320,0.291,0.296,Alive,21/07/2025,0.288,28/07/2025,0.271,No,Yes. Injured with crack on abdomen.
B167,G-G-B-G,Grassland,NF1,03/07/2025,04/07/2025,08/07/2025,Combined,Woodland,GT2,C2,Abax sp.,0.664,0.605,0.385,Alive,21/07/2025,0.278,,,No,Yes. Died in the lab. Another beetle was latched on it. It possibly killed it.
B179,G-Y-R-G,Woodland,GT1,17/07/2025,18/07/2025,21/07/2025,Translocation,Grassland,NF2,C21,Abax parallelepipedus,0.312,0.293,0.325,Alive,,,,,No,Yes
B181,G-Y-B-R,Woodland,GT1,17/07/2025,18/07/2025,21/07/2025,Translocation,Grassland,NF1,C28,Abax parallelepipedus,0.335,0.323,0.361,Alive,28/07/2025,0.351,,,No,Yes
B182,G-Y-B-B,Woodland,GT2,17/07/2025,18/07/2025,21/07/2025,Control,Woodland,GT2,C9,Pterostichus madidus,0.155,0.148,0.144,Alive,28/07/2025,0.151,,,No,Yes
B183,G-Y-B-G,Woodland,GT2,17/07/2025,18/07/2025,21/07/2025,Control,Woodland,BN,C25,Abax parallelepipedus,0.263,0.251,0.277,Alive,,,,,No,Yes
B185,G-Y-G-R,Woodland,GT2,17/07/2025,18/07/2025,21/07/2025,Control,Woodland,GT1,C12,Pterostichus madidus,0.113,0.116,0.119,Alive,,,,,No,Yes
B186,G-Y-G-B,Woodland,GT2,17/07/2025,18/07/2025,21/07/2025,Control,Woodland,MC,C3,Pterostichus madidus,0.109,0.102,0.098,Alive,,,,,No,Yes. Accidental green dot on the right on abdomen.
B187,G-Y-G-G,Woodland,GT2,17/07/2025,18/07/2025,21/07/2025,Control,Woodland,MC,C23,Pterostichus madidus,0.110,0.112,0.121,Alive,,,,,No,Yes.
B189,G-Y-Y-R,Grassland,CF,24/07/2025,25/07/2025,28/07/2025,Translocation,Woodland,GT1,C16,Abax sp.,0.424,0.397,0.370,Alive,04/08/2025,0.317,12/08/2025,0.290,No,"Yes. Injured hind legs, moving weird. Injured hind legs broke."
B194,Y-R-R-B,Grassland,NF1,10/07/2025,11/07/2025,14/07/2025,Control,Grassland,NF1,C18,Abax sp.,0.565,0.454,0.430,Alive,21/07/2025,0.478,28/07/2025,0.357,No,Yes
B195,Y-R-R-G,Grassland,NF1,10/07/2025,11/07/2025,14/07/2025,Control,Grassland,NF2,C15,Abax parallelepipedus,0.313,0.259,0.242,Alive,21/07/2025,0.211,,,No,Yes. Small twitching movement. Might die soon. Died in the lab.
B196,Y-R-R-Y,Grassland,NF1,24/07/2025,25/07/2025,28/07/2025,Translocation,Woodland,GT2,C11,Pterostichus madidus,0.155,0.146,0.140,Alive,,,,,No,Yes
B200,Y-R-B-Y,Grassland,NF1,24/07/2025,25/07/2025,28/07/2025,Competition,Grassland,LC,C27,Pterostichus madidus,0.140,0.119,0.134,Alive,,,,,No,Yes
B201,Y-R-G-R,Grassland,NF1,24/07/2025,25/07/2025,28/07/2025,Competition,Grassland,LC,C19,Pterostichus madidus,0.205,0.195,0.238,Alive,,,,,Yes,Yes. Still crying eggs after being collected from the field. Accidental yellow dot on bottom left of abdomen.
B202,Y-R-G-B,Grassland,NF2,24/07/2025,25/07/2025,28/07/2025,Combined,Grassland,LC,C24,Abax parallelepipedus,0.322,0.308,0.306,Alive,04/08/2025,0.285,12/08/2025,0.259,No,Yes
B204,Y-R-G-Y,Grassland,NF2,24/07/2025,25/07/2025,28/07/2025,Combined,Grassland,LC,C20,Pterostichus madidus,0.145,0.135,0.144,Alive,,,,,No,Yes
B205,Y-R-Y-R,Grassland,NF2,24/07/2025,25/07/2025,28/07/2025,Combined,Grassland,CF,C17,Pterostichus madidus,0.150,0.148,0.147,Alive,,,,,No,Yes
B206,Y-R-Y-B,Grassland,NF2,24/07/2025,25/07/2025,28/07/2025,Competition,Grassland,LC,C19,Abax parallelepipedus,0.358,0.322,0.351,Alive,04/08/2025,0.157,,,No,Yes. Accidental yellow dot on thorax. Died in the lab 04/08/2025. Was eaten by other beetles.
B207,Y-R-Y-G,Grassland,NF2,24/07/2025,25/07/2025,28/07/2025,Competition,Grassland,LC,C27,Abax sp.,0.675,0.647,0.618,Alive,04/08/2025,0.460,,,No,"Yes. Minimal movement, might die soon. Died in the lab 04/08/2025. Was infected with something."
B210,Y-B-R-B,Woodland,GT1,24/07/2025,25/07/2025,28/07/2025,Control,Woodland,GT1,C4,Abax parallelepipedus,0.265,0.249,0.270,Alive,04/08/2025,0.254,12/08/2025,0.218,No,Yes
B211,Y-B-R-G,Woodland,GT1,24/07/2025,25/07/2025,28/07/2025,Control,Woodland,GT2,C2,Abax parallelepipedus,0.269,0.251,0.247,Alive,04/08/2025,0.224,,,No,Yes. Died in the lab.
B212,Y-B-R-Y,Woodland,MC,24/07/2025,25/07/2025,28/07/2025,Combined,Grassland,CF,C5,Pterostichus madidus,0.128,0.121,0.128,Alive,04/08/2025,0.096,,,No,Yes. Died in the lab.
B213,Y-B-B-R,Woodland,MC,24/07/2025,25/07/2025,28/07/2025,Control,Woodland,GT1,C12,Pterostichus madidus,0.158,0.148,0.154,Alive,,,,,No,Yes
B214,Y-B-B-B,Woodland,MC,24/07/2025,25/07/2025,28/07/2025,Control,Woodland,GT2,C22,Pterostichus madidus,0.123,0.111,0.113,Alive,04/08/2025,0.107,,,No,Yes
B215,Y-B-B-G,Woodland,BN,24/07/2025,25/07/2025,28/07/2025,Combined,Grassland,LC,C20,Abax parallelepipedus,0.280,0.266,0.298,Alive,,,,,No,Yes
B218,Y-B-G-B,Woodland,BN,24/07/2025,25/07/2025,28/07/2025,Control,Woodland,GT2,C9,Pterostichus madidus,0.100,0.099,0.093,Alive,,,,,No,Yes
B219,Y-B-G-G,Woodland,GT2,25/07/2025,26/07/2025,29/07/2025,Control,Woodland,BN,C8,Abax parallelepipedus,0.390,0.331,0.328,Alive,04/08/2025,0.296,,,No,Yes. Died in the lab.
B222,Y-B-Y-B,Woodland,GT1,25/07/2025,26/07/2025,29/07/2025,Combined,Grassland,NF2,C21,Abax parallelepipedus,0.253,0.219,0.207,Alive,04/08/2025,0.189,,,No,Yes. Slow movement might die soon. Died in the lab 04/08/2025.
B224,Y-B-Y-Y,Grassland,NF1,25/07/2025,26/07/2025,29/07/2025,Translocation,Woodland,MC,C26,Pterostichus madidus,0.134,0.121,0.108,Alive,,,,,No,Yes
B229,Y-G-B-R,Grassland,NF2,25/07/2025,26/07/2025,29/07/2025,Translocation,Woodland,MC,C3,Abax sp.,0.441,0.400,0.391,Alive,04/08/2025,0.381,12/08/2025,0.336,No,Yes
B235,Y-G-G-G,Grassland,NF1,31/07/2025,01/08/2025,04/08/2025,Control,Grassland,LC,C20,Abax sp.,0.354,0.345,0.371,Alive,12/08/2025,0.319,NA,NA,No,Yes
B236,Y-G-G-Y,Grassland,NF1,31/07/2025,01/08/2025,04/08/2025,Translocation,Woodland,MC,C10,Abax parallelepipedus,0.330,0.309,0.293,Alive,,,,,No,Yes
B237,Y-G-Y-R,Grassland,NF1,31/07/2025,01/08/2025,04/08/2025,Control,Grassland,NF1,C1,Abax parallelepipedus,0.315,0.284,0.311,Alive,,,,,No,Yes
B238,Y-G-Y-B,Grassland,NF1,31/07/2025,01/08/2025,04/08/2025,Control,Grassland,NF2,C14,Abax parallelepipedus,0.265,0.259,0.277,Alive,,,,,No,Yes
B240,Y-G-Y-Y,Grassland,NF1,31/07/2025,01/08/2025,04/08/2025,Competition,Grassland,CF,C13,Pterostichus madidus,0.150,0.136,0.129,Alive,,,,,No,Yes
B242,Y-Y-R-B,Grassland,NF2,31/07/2025,01/08/2025,04/08/2025,Translocation,Woodland,GT2,C2,Abax sp.,0.567,0.538,0.501,Alive,12/08/2025,0.479,NA,NA,No,Yes
B243,Y-Y-R-G,Grassland,NF2,31/07/2025,01/08/2025,04/08/2025,Control,Grassland,LC,C24,Abax sp.,0.822,0.760,0.721,Alive,12/08/2025,0.679,NA,NA,Yes,Yes
B245,Y-Y-B-R,Grassland,NF2,31/07/2025,01/08/2025,04/08/2025,Control,Grassland,NF2,C15,Abax sp.,1.078,0.982,0.936,Alive,12/08/2025,0.854,NA,NA,Yes,Yes
B247,Y-Y-B-G,Grassland,NF2,31/07/2025,01/08/2025,04/08/2025,Translocation,Woodland,GT2,C9,Pterostichus madidus,0.144,0.131,0.119,Alive,,,,,Yes,Yes
B250,Y-Y-G-B,Grassland,LC,31/07/2025,01/08/2025,04/08/2025,Translocation,Woodland,GT2,C22,Calathus fuscipes,0.082,0.081,0.095,Alive,12/08/2025,0.081,,,No,Yes
B252,Y-Y-G-Y,Woodland,MC,31/07/2025,01/08/2025,04/08/2025,Competition,Woodland,BN,C25,Pterostichus madidus,0.122,0.123,0.132,Alive,,,,,No,Yes
B253,Y-Y-Y-R,Woodland,BN,31/07/2025,01/08/2025,04/08/2025,Control,Woodland,MC,C26,Pterostichus madidus,0.118,0.112,0.104,Alive,,,,,No,Yes. Slow twitchy movement might die soon
B258,R-R-R-B,Woodland,MC,31/07/2025,01/08/2025,04/08/2025,Competition,Woodland,GT1,C12,Pterostichus madidus,0.140,0.135,0.138,Alive,,,,,No,Yes
B001,R-R-R-R,Grassland,NF2,04/06/2025,06/06/2025,09/06/2025,Competition,Grassland,NF1,C7,Poecilus versicolor,0.047,0.0385,0.033,Dead,NA,NA,NA,NA,NA,Yes. Looks like its’s close to dying. Found dead in the field.
B002,R-R-R-B,Grassland,NF1,04/06/2025,06/06/2025,09/06/2025,Competition,Grassland,NF1,C7,Abax sp.,0.384,0.270,0.251,Dead,NA,NA,NA,NA,NA,Yes. Found dead in the field.
B005,R-R-B-R,Woodland,GT1,04/06/2025,06/06/2025,09/06/2025,Translocation,Grassland,CF,C5,Abax parallelepipedus,0.307,0.246,0.170,Dead,NA,NA,NA,NA,NA,Yes. Found dead in the field.
B009,R-R-G-R,Grassland,NF1,11/06/2025,13/06/2025,16/06/2025,Competition,Grassland,CF,C5,Abax sp.,0.4825,0.425,0.221,Dead,NA,NA,NA,NA,NA,Yes. Found dead in the field.
B010,R-R-G-B,Grassland,NF1,11/06/2025,13/06/2025,16/06/2025,Control,Grassland,CF,C13,Abax parallelepipedus,0.256,0.222,0.093,Dead,NA,NA,NA,NA,NA,Yes. Found dead in the field.
B012,R-R-G-Y,Grassland,NF1,11/06/2025,13/06/2025,16/06/2025,Combined,Grassland,NF2,C15,Nebria brevicollis,0.083,0.075,0.046,Dead,NA,NA,NA,NA,NA,Yes. Found dead in the field.
B013,R-R-Y-R,Woodland,GT2,11/06/2025,13/06/2025,16/06/2025,Combined,Woodland,GT1,C16,Abax parallelepipedus,0.301,0.244,0.187,Dead,NA,NA,NA,NA,NA,Yes. Found dead in the field.
B015,R-R-Y-G,Woodland,GT2,11/06/2025,13/06/2025,16/06/2025,Translocation,Grassland,LC,C20,Abax parallelepipedus,0.309,0.256,0.1325,Dead,NA,NA,NA,NA,NA,Yes. Found dead in the field.
B016,R-R-Y-Y,Woodland,GT2,11/06/2025,13/06/2025,16/06/2025,Competition,Woodland,GT1,C12,Abax parallelepipedus,0.294,0.272,0.216,Dead,NA,NA,NA,NA,NA,Yes. Found dead in the field.
B017,R-B-R-R,Woodland,GT2,11/06/2025,14/06/2025,17/06/2025,Control,Woodland,MC,C10,Abax parallelepipedus,0.303,0.275,0.173,Dead,NA,NA,NA,NA,NA,Yes. Found dead in the field.
B018,R-B-R-B,Woodland,GT2,11/06/2025,13/06/2025,16/06/2025,Translocation,Grassland,LC,C19,Abax parallelepipedus,0.296,0.256,0.123,Dead,NA,NA,NA,NA,NA,Yes. Found dead in the field.
B019,R-B-R-G,Woodland,GT2,11/06/2025,13/06/2025,16/06/2025,Control,Woodland,GT2,C2,Abax parallelepipedus,0.278,0.243,0.175,Dead,NA,NA,NA,NA,NA,Yes. Found dead in the field.
B020,R-B-R-Y,Woodland,GT2,11/06/2025,13/06/2025,16/06/2025,Competition,Woodland,GT1,C12,Abax parallelepipedus,0.283,0.256,0.209,Dead,NA,NA,NA,NA,NA,Yes. Found dead in the field. There were 2 beetles with no markings so I couldn’t tell which beetle it was but most likely this one due the amount of weight loss.
B021,R-B-B-R,Woodland,GT2,11/06/2025,13/06/2025,16/06/2025,Control,Woodland,GT2,C9,Abax parallelepipedus,0.261,0.224,0.159,Dead,NA,NA,NA,NA,NA,Yes. Found dead in the field. There were 2 beetles with no markings so I couldn’t tell which beetle it was but most likely this one due the amount of weight loss.
B022,R-B-B-B,Woodland,GT2,11/06/2025,13/06/2025,16/06/2025,Translocation,Grassland,NF2,C21,Pterostichus madidus,0.113,0.102,0.068,Dead,NA,NA,NA,NA,NA,Yes. Found dead in the field.
B023,R-B-B-G,Woodland,GT2,11/06/2025,13/06/2025,16/06/2025,Translocation,Grassland,NF1,C18,Nebria brevicollis,0.076,0.071,0.037,Dead,NA,NA,NA,NA,NA,Yes. Found dead in the field.
B026,R-B-G-B,Grassland,CF,11/06/2025,13/06/2025,16/06/2025,Translocation,Woodland,GT1,C4,Abax parallelepipedus,0.249,0.197,0.155,Dead,NA,NA,NA,NA,NA,Yes. Found dead in the field.
B027,R-B-G-G,Woodland,MC,11/06/2025,13/06/2025,16/06/2025,Combined,Grassland,NF2,C12,Abax parallelepipedus,0.261,0.214,0.121,Dead,NA,NA,NA,NA,NA,Yes. Found dead in the field.
B028,R-B-G-Y,Woodland,MC,11/06/2025,13/06/2025,16/06/2025,Competition,Woodland,GT2,C11,Pterostichus madidus,0.139,0.117,0.086,Dead,NA,NA,NA,NA,NA,Yes. Found dead in the field.
B029,R-B-Y-R,Woodland,BN,11/06/2025,13/06/2025,16/06/2025,Translocation,Grassland,NF1,C1,Nebria brevicollis,0.070,0.065,0.039,Dead,NA,NA,NA,NA,NA,Yes. Found dead in the field.
B030,R-B-Y-B,Woodland,BN,11/06/2025,14/06/2025,17/06/2025,Control,Woodland,MC,C3,Pterostichus madidus,0.136,0.115,0.082,Dead,NA,NA,NA,NA,NA,Yes. Accidental red dot at the bottom mixed with the yellow. Found dead in the field.
B031,R-B-Y-G,Grassland,NF2,11/06/2025,13/06/2025,16/06/2025,Competition,Grassland,CF,C5,Abax parallelepipedus,0.2865,0.241,0.106,Dead,NA,NA,NA,NA,NA,Yes. Found dead in the field.
B032,R-B-Y-Y,Grassland,NF2,11/06/2025,14/06/2025,17/06/2025,Translocation,Woodland,BN,C6,Poecilus versicolor,0.056,0.060,0.031,Dead,NA,NA,NA,NA,NA,Yes. Looks like its’s close to dying. found dead in the field.
B033,R-G-R-R,Grassland,NF2,11/06/2025,13/06/2025,16/06/2025,Combined,Woodland,GT1,C16,Poecilus versicolor,0.061,0.045,0.0295,Dead,NA,NA,NA,NA,NA,Yes. Found dead in the field.
B034,R-G-R-B,Grassland,NF2,11/06/2025,13/06/2025,16/06/2025,Control,Grassland,NF2,C14,Nebria brevicollis,0.066,0.059,0.032,Dead,NA,NA,NA,NA,NA,Yes. Found dead in the field.
B035,R-G-R-G,Woodland,BN,18/06/2025,20/06/2025,23/06/2025,Translocation,Grassland,CF,C13,Abax parallelepipedus,0.265,0.229,0.127,Dead,NA,NA,NA,NA,NA,Yes. Testing release without nail polish. Found dead in the field.
B036,R-G-R-Y,Woodland,BN,18/06/2025,20/06/2025,23/06/2025,Competition,Woodland,GT2,C11,Typhaeus typhoeus,0.372,0.305,0.185,Dead,NA,NA,NA,NA,NA,Yes. Testing release without nail polish. Found dead in the field.
B037,R-G-B-R,Woodland,GT1,18/06/2025,20/06/2025,23/06/2025,Translocation,Grassland,LC,C20,Abax parallelepipedus,0.298,0.259,0.126,Dead,NA,NA,NA,NA,NA,Yes. Testing release without nail polish. Found dead in the field.
B040,R-G-B-Y,Grassland,NF1,18/06/2025,20/06/2025,23/06/2025,Combined,Grassland,CF,C17,Abax parallelepipedus,0.275,0.234,0.098,Dead,NA,NA,NA,NA,NA,Yes. Testing release without nail polish. Found dead in the field.
B041,R-G-G-R,Grassland,NF1,18/06/2025,20/06/2025,23/06/2025,Combined,Woodland,GT2,C2,Abax sp.,0.562,0.501,0.320,Dead,NA,NA,NA,NA,NA,Yes. Testing release without nail polish. Found dead in the field.
B042,R-G-G-B,Grassland,NF1,18/06/2025,20/06/2025,23/06/2025,Control,Grassland,LC,C24,Abax parallelepipedus,0.299,0.248,0.103,Dead,NA,NA,NA,NA,NA,Yes. Testing release without nail polish. Found dead in the field.
B043,R-G-G-G,Grassland,NF1,18/06/2025,20/06/2025,23/06/2025,Combined,Woodland,GT1,C4,Abax parallelepipedus,0.294,0.238,0.170,Dead,NA,NA,NA,NA,NA,Yes. Testing release without nail polish. Found dead in the field.
B044,R-G-G-Y,Woodland,MC,18/06/2025,20/06/2025,23/06/2025,Control,Woodland,GT1,C12,Abax parallelepipedus,0.220,0.187,0.131,Dead,NA,NA,NA,NA,NA,Yes. Testing release without nail polish. Found dead in the field.
B045,R-G-Y-R,Woodland,MC,18/06/2025,20/06/2025,23/06/2025,Control,Woodland,GT2,C9,Abax parallelepipedus,0.270,0.233,0.157,Dead,NA,NA,NA,NA,NA,Yes. Testing release without nail polish. Found dead in the field.
B046,R-G-Y-B,Woodland,MC,18/06/2025,20/06/2025,23/06/2025,Translocation,Grassland,LC,C19,Abax parallelepipedus,0.268,0.221,0.120,Dead,NA,NA,NA,NA,NA,Yes. Testing release without nail polish. Found dead in the field.
B047,R-G-Y-G,Woodland,MC,18/06/2025,20/06/2025,23/06/2025,Combined,Grassland,CF,C17,Pterostichus madidus,0.126,0.117,0.060,Dead,NA,NA,NA,NA,NA,Yes. Testing release without nail polish. Found dead in the field.
B048,R-G-Y-Y,Woodland,GT2,18/06/2025,20/06/2025,23/06/2025,Combined,Woodland,GT2,C2,Abax parallelepipedus,0.270,0.202,0.125,Dead,NA,NA,NA,NA,NA,Yes. Testing release without nail polish. Found dead in the field.
B049,R-Y-R-R,Woodland,GT2,18/06/2025,20/06/2025,23/06/2025,Control,Woodland,GT2,C22,Abax parallelepipedus,0.278,0.233,0.168,Dead,NA,NA,NA,NA,NA,Yes. Testing release without nail polish. Found dead in the field.
B050,R-Y-R-B,Woodland,GT2,18/06/2025,20/06/2025,23/06/2025,Translocation,Grassland,CF,C5,Abax parallelepipedus,0.362,0.305,0.153,Dead,NA,NA,NA,NA,NA,Yes. Testing release without nail polish. Found dead in the field.
B052,R-Y-R-Y,Grassland,NF1,19/06/2025,21/06/2025,24/06/2025,Combined,Woodland,MC,C10,Abax parallelepipedus,0.242,0.166,0.071,Dead,NA,NA,NA,NA,NA,Yes. Found dead in the field.
B053,R-Y-B-R,Grassland,NF1,19/06/2025,21/06/2025,24/06/2025,Combined,Grassland,NF1,C18,Abax parallelepipedus,0.323,0.276,0.193,Dead,NA,NA,NA,NA,NA,Yes. Found dead in the field.
B054,R-Y-B-B,Grassland,NF1,19/06/2025,21/06/2025,24/06/2025,Translocation,Woodland,BN,C8,Abax parallelepipedus,0.279,0.238,0.173,Dead,NA,NA,NA,NA,NA,Yes. Found dead in the field.
B055,R-Y-B-G,Woodland,GT1,19/06/2025,21/06/2025,24/06/2025,Combined,Woodland,MC,C10,Abax parallelepipedus,0.278,0.254,0.218,Dead,NA,NA,NA,NA,NA,Yes. Found dead in the field.
B057,R-Y-G-R,Woodland,GT1,19/06/2025,21/06/2025,24/06/2025,Translocation,Grassland,NF2,C14,Pterostichus madidus,0.117,0.108,0.06,Dead,NA,NA,NA,NA,NA,Yes. Found dead in the field.
B058,R-Y-G-B,Woodland,BN,19/06/2025,21/06/2025,24/06/2025,Translocation,Grassland,NF1,C1,Abax parallelepipedus,0.270,0.243,0.164,Dead,NA,NA,NA,NA,NA,Yes. Found dead in the field.
B059,R-Y-G-G,Woodland,BN,19/06/2025,21/06/2025,24/06/2025,Translocation,Grassland,NF2,C15,Typhaeus typhoeus,0.416,0.350,0.151,Dead,NA,NA,NA,NA,NA,Yes. Found dead in the field.
B060,R-Y-G-Y,Woodland,GT2,19/06/2025,21/06/2025,24/06/2025,Competition,Woodland,BN,C6,Abax parallelepipedus,0.261,0.242,0.195,Dead,NA,NA,NA,NA,NA,Yes. Found dead in the field.
B061,R-Y-Y-R,Woodland,GT2,19/06/2025,21/06/2025,24/06/2025,Translocation,Grassland,NF2,C21,Abax parallelepipedus,0.277,0.237,0.141,Dead,NA,NA,NA,NA,NA,Yes. Found dead in the field.
B062,R-Y-Y-B,Woodland,GT2,19/06/2025,21/06/2025,24/06/2025,Translocation,Grassland,NF1,C7,Abax parallelepipedus,0.246,0.208,0.140,Dead,NA,NA,NA,NA,NA,Yes. Found dead in the field.
B063,R-Y-Y-G,Woodland,GT2,19/06/2025,21/06/2025,24/06/2025,Combined,Grassland,NF1,C18,Abax parallelepipedus,0.380,0.334,0.290,Dead,NA,NA,NA,NA,NA,Yes. Found dead in the field.
B064,R-Y-Y-Y,Woodland,GT2,19/06/2025,21/06/2025,24/06/2025,Competition,Woodland,MC,C3,Abax parallelepipedus,0.290,0.262,0.179,Dead,NA,NA,NA,NA,NA,Yes. Found dead in the field.
B066,B-R-R-B,Woodland,MC,19/06/2025,21/06/2025,24/06/2025,Competition,Woodland,MC,C23,Abax parallelepipedus,0.236,0.201,0.153,Dead,NA,NA,NA,NA,NA,Yes. Found dead in the field.
B067,B-R-R-G,Woodland,MC,19/06/2025,21/06/2025,24/06/2025,Competition,Woodland,MC,C3,Pterostichus madidus,0.130,0.114,0.091,Dead,NA,NA,NA,NA,NA,Yes. Found dead in the field.
B068,B-R-R-Y,Grassland,NF2,26/06/2025,27/06/2025,30/06/2025,Control,Grassland,CF,C13,Abax parallelepipedus,0.452,0.368,0.179,Dead,NA,NA,NA,NA,Yes,Yes. Accidental red streak on thorax. Close to laying eggs. Found dead in the field.
B071,B-R-B-G,Grassland,NF1,26/06/2025,27/06/2025,30/06/2025,Combined,Grassland,LC,C20,Abax sp.,0.662,0.568,0.227,Dead,NA,NA,NA,NA,Yes,Yes. Close to laying eggs.
B072,B-R-B-Y,Grassland,CF,25/07/2025,26/07/2025,29/07/2025,Translocation,Woodland,BN,C6,Pterostichus madidus,0.128,0.107,0.083,Dead,NA,NA,NA,NA,No,Yes
B076,B-R-G-Y,Woodland,BN,26/06/2025,27/06/2025,30/06/2025,Translocation,Grassland,CF,C5,Pterostichus madidus,0.151,0.137,0.037,Dead,NA,NA,NA,NA,No,Yes. Found dead in the field.
B078,B-R-Y-B,Woodland,GT2,26/06/2025,27/06/2025,30/06/2025,Translocation,Grassland,CF,C17,Nebria brevicollis,0.071,0.061,0.037,Dead,NA,NA,NA,NA,No,Yes. Found dead in the field.
B084,B-B-R-Y,Woodland,GT1,26/06/2025,27/06/2025,30/06/2025,Combined,Grassland,LC,C20,Abax parallelepipedus,0.312,0.292,0.135,Dead,NA,NA,NA,NA,NA,Yes. Found dead in the field.
B109,B-G-Y-R,Woodland,GT2,03/07/2025,04/07/2025,08/07/2025,Competition,Grassland,CF,C5,Abax parallelepipedus,0.243,0.205,0.115,Dead,NA,NA,NA,NA,No,Yes
B110,B-G-Y-B,Woodland,GT2,03/07/2025,04/07/2025,08/07/2025,Competition,Woodland,GT1,C12,Abax parallelepipedus,0.304,0.259,0.177,Dead,NA,NA,NA,NA,No,Yes
B111,B-G-Y-G,Woodland,GT2,03/07/2025,04/07/2025,08/07/2025,Competition,Woodland,GT2,C9,Pterostichus madidus,0.129,0.122,0.074,Dead,NA,NA,NA,NA,No,Yes
B112,B-G-Y-Y,Woodland,GT2,03/07/2025,04/07/2025,08/07/2025,Translocation,Grassland,LC,C19,Abax parallelepipedus,0.267,0.243,0.163,Dead,NA,NA,NA,NA,No,Yes
B113,B-Y-R-R,Woodland,GT2,03/07/2025,04/07/2025,08/07/2025,Competition,Woodland,MC,C3,Nebria brevicollis,0.051,0.042,0.031,Dead,NA,NA,NA,NA,No,Yes. Accidental blues streak on the left side
B114,B-Y-R-B,Woodland,GT2,03/07/2025,04/07/2025,08/07/2025,Translocation,Grassland,NF1,C7,Abax parallelepipedus,0.276,0.247,0.185,Dead,NA,NA,NA,NA,No,Yes. Has a little parasite thing on it
B119,B-Y-B-G,Woodland,GT1,03/07/2025,04/07/2025,08/07/2025,Combined,Grassland,CF,C13,Abax parallelepipedus,0.325,0.302,0.166,Dead,NA,NA,NA,NA,No,Yes
B121,B-Y-G-R,Woodland,GT1,03/07/2025,04/07/2025,08/07/2025,Combined,Woodland,GT1,C4,Abax parallelepipedus,0.337,0.308,0.242,Dead,NA,NA,NA,NA,No,Yes
B122,B-Y-G-B,Woodland,GT1,03/07/2025,04/07/2025,08/07/2025,Competition,Woodland,GT1,C12,Pterostichus madidus,0.136,0.120,0.071,Dead,NA,NA,NA,NA,No,Yes
B124,B-Y-G-Y,Woodland,GT1,03/07/2025,04/07/2025,08/07/2025,Combined,Woodland,GT2,C2,Abax parallelepipedus,0.335,0.275,0.196,Dead,NA,NA,NA,NA,Yes,Yes. Close to laying eggs.
B125,B-Y-Y-R,Woodland,GT1,03/07/2025,04/07/2025,08/07/2025,Combined,Grassland,LC,C24,Abax parallelepipedus,0.293,0.246,0.138,Dead,NA,NA,NA,NA,No,Yes
B126,B-Y-Y-B,Grassland,NF2,03/07/2025,04/07/2025,08/07/2025,Combined,Grassland,CF,C13,Pterostichus madidus,0.204,0.174,0.090,Dead,NA,NA,NA,NA,No,Yes
B127,B-Y-Y-G,Grassland,NF2,03/07/2025,04/07/2025,08/07/2025,Competition,Woodland,GT1,C16,Abax sp.,0.673,0.557,0.425,Dead,NA,NA,NA,NA,No,Yes
B130,G-R-R-B,Woodland,BN,03/07/2025,04/07/2025,08/07/2025,Competition,Woodland,MC,C3,Abax parallelepipedus,0.263,0.239,0.191,Dead,NA,NA,NA,NA,No,Yes
B133,G-R-B-R,Woodland,BN,03/07/2025,04/07/2025,08/07/2025,Combined,Woodland,BN,C8,Nebria brevicollis,0.078,0.071,0.051,Dead,NA,NA,NA,NA,No,Yes
B136,G-R-B-Y,Woodland,BN,03/07/2025,04/07/2025,08/07/2025,Combined,Woodland,MC,C10,Pterostichus madidus,0.215,0.131,0.087,Dead,NA,NA,NA,NA,Yes,Yes. Close to laying eggs. Accidental red streak on the right side
B139,G-R-G-G,Woodland,BN,03/07/2025,04/07/2025,08/07/2025,Combined,Woodland,GT2,C11,Abax parallelepipedus,0.340,0.316,0.232,Dead,NA,NA,NA,NA,No,Yes
B143,G-R-Y-G,Woodland,BN,03/07/2025,04/07/2025,08/07/2025,Competition,Woodland,GT2,C9,Abax parallelepipedus,0.309,0.289,0.212,Dead,NA,NA,NA,NA,No,Yes
B144,G-R-Y-Y,Woodland,MC,10/07/2025,11/07/2025,14/07/2025,Translocation,Grassland,LC,C27,Pterostichus madidus,0.097,0.087,0.040,Dead,NA,NA,NA,NA,No,Yes
B146,G-B-R-B,Woodland,MC,10/07/2025,11/07/2025,14/07/2025,Translocation,Grassland,CF,C5,Pterostichus madidus,0.104,0.103,0.057,Dead,NA,NA,NA,NA,No,Yes.
B148,G-B-R-Y,Woodland,MC,10/07/2025,11/07/2025,14/07/2025,Translocation,Grassland,NF1,C28,Abax parallelepipedus,0.289,0.267,0.187,Dead,NA,NA,NA,NA,No,Yes
B149,G-B-B-R,Woodland,MC,10/07/2025,11/07/2025,14/07/2025,Translocation,Grassland,NF2,C21,Pterostichus madidus,0.117,0.115,0.072,Dead,NA,NA,NA,NA,No,Yes
B157,G-B-Y-R,Woodland,MC,17/07/2025,18/07/2025,21/07/2025,Translocation,Grassland,NF1,C18,Pterostichus madidus,0.134,0.130,0.115,Dead,NA,NA,NA,NA,No,Yes
B160,G-B-Y-Y,Woodland,MC,17/07/2025,18/07/2025,21/07/2025,Translocation,Grassland,CF,C5,Pterostichus madidus,0.114,0.109,0.088,Dead,NA,NA,NA,NA,No,Yes
B162,G-G-R-B,Grassland,NF1,03/07/2025,04/07/2025,08/07/2025,Competition,Grassland,NF1,C1,Abax parallelepipedus,0.318,0.268,0.188,Dead,NA,NA,NA,NA,No,Yes
B164,G-G-R-Y,Grassland,NF1,03/07/2025,04/07/2025,08/07/2025,Combined,Woodland,BN,C8,Pterostichus madidus,0.152,0.132,0.060,Dead,NA,NA,NA,NA,No,Yes. Eaten only shell left.
B165,G-G-B-R,Grassland,NF1,03/07/2025,04/07/2025,08/07/2025,Combined,Grassland,CF,C17,Pterostichus madidus,0.155,0.129,0.070,Dead,NA,NA,NA,NA,No,Yes
B166,G-G-B-B,Grassland,NF1,03/07/2025,04/07/2025,08/07/2025,Combined,Woodland,GT1,C4,Pterostichus madidus,0.126,0.109,0.048,Dead,NA,NA,NA,NA,No,Yes
B168,G-G-B-Y,Grassland,NF1,03/07/2025,04/07/2025,08/07/2025,Combined,Grassland,LC,C24,Pterostichus madidus,0.128,0.106,0.058,Dead,NA,NA,NA,NA,No,Yes
B169,G-G-G-R,Grassland,NF1,03/07/2025,04/07/2025,08/07/2025,Combined,Woodland,MC,C10,Abax parallelepipedus,0.387,0.337,0.277,Dead,NA,NA,NA,NA,No,Yes
B170,G-G-G-B,Grassland,NF1,03/07/2025,04/07/2025,08/07/2025,Combined,Grassland,NF1,C18,Abax parallelepipedus,0.345,0.291,0.243,Dead,NA,NA,NA,NA,No,Yes
B171,G-G-G-G,Grassland,NF1,03/07/2025,04/07/2025,08/07/2025,Competition,Grassland,NF2,C15,Pterostichus madidus,0.190,0.163,0.128,Dead,NA,NA,NA,NA,No,Yes
B172,G-G-G-Y,Grassland,NF1,03/07/2025,04/07/2025,08/07/2025,Competition,Grassland,NF2,C14,Abax parallelepipedus,0.299,0.241,0.177,Dead,NA,NA,NA,NA,No,Yes
B174,G-G-Y-B,Grassland,NF1,03/07/2025,04/07/2025,08/07/2025,Competition,Grassland,NF1,C1,Pterostichus madidus,0.135,0.120,0.094,Dead,NA,NA,NA,NA,No,Yes
B175,G-G-Y-G,Grassland,NF1,03/07/2025,04/07/2025,08/07/2025,Competition,Grassland,LC,C20,Abax parallelepipedus,0.295,0.238,0.153,Dead,NA,NA,NA,NA,No,Yes
B176,G-G-Y-Y,Grassland,NF1,03/07/2025,04/07/2025,08/07/2025,Competition,Woodland,GT1,C16,Pterostichus madidus,0.118,0.092,0.069,Dead,NA,NA,NA,NA,No,Yes
B177,G-Y-R-R,Woodland,GT1,17/07/2025,18/07/2025,21/07/2025,Translocation,Grassland,LC,C19,Abax parallelepipedus,0.258,0.238,0.195,Dead,NA,NA,NA,NA,No,Yes. Red dots streaked at the bottom.
B180,G-Y-R-Y,Woodland,GT1,17/07/2025,18/07/2025,21/07/2025,Translocation,Grassland,LC,C27,Abax parallelepipedus,0.264,0.236,0.184,Dead,NA,NA,NA,NA,No,Yes
B184,G-Y-B-Y,Woodland,GT2,17/07/2025,18/07/2025,21/07/2025,Control,Woodland,BN,C8,Abax parallelepipedus,0.263,0.239,0.236,Dead,NA,NA,NA,NA,No,Yes
B188,G-Y-G-Y,Grassland,NF2,10/07/2025,11/07/2025,14/07/2025,Control,Grassland,CF,C13,Pterostichus madidus,0.106,0.088,0.049,Dead,NA,NA,NA,NA,No,Yes
B190,G-Y-Y-B,Grassland,NF2,10/07/2025,11/07/2025,14/07/2025,Translocation,Grassland,NF1,C1,Pterostichus madidus,0.154,0.137,0.061,Dead,NA,NA,NA,NA,No,Yes
B191,G-Y-Y-G,Grassland,CF,10/07/2025,11/07/2025,14/07/2025,Control,Grassland,NF2,C14,Abax parallelepipedus,0.262,0.210,0.123,Dead,NA,NA,NA,NA,No,Yes
B192,G-Y-Y-Y,Grassland,NF1,10/07/2025,11/07/2025,14/07/2025,Control,Grassland,CF,C17,Abax parallelepipedus,0.345,0.282,0.162,Dead,NA,NA,NA,NA,No,Yes
B193,Y-R-R-R,Grassland,NF1,10/07/2025,11/07/2025,14/07/2025,Control,Grassland,LC,C24,Pterostichus madidus,0.135,0.115,0.053,Dead,NA,NA,NA,NA,No,Yes
B197,Y-R-B-R,Grassland,NF1,10/07/2025,11/07/2025,14/07/2025,Control,Grassland,LC,C19,Abax parallelepipedus,0.351,0.283,0.148,Dead,NA,NA,NA,NA,No,Yes
B216,Y-B-B-Y,Woodland,BN,10/07/2025,11/07/2025,14/07/2025,Translocation,Grassland,LC,C20,Abax parallelepipedus,0.297,0.262,0.155,Dead,NA,NA,NA,NA,No,Yes
B217,Y-B-G-R,Woodland,BN,24/07/2025,25/07/2025,28/07/2025,Combined,Grassland,CF,C17,Abax parallelepipedus,0.180,0.149,0.051,Dead,NA,NA,NA,NA,No,Yes
B221,Y-B-Y-R,Woodland,GT1,25/07/2025,26/07/2025,29/07/2025,Translocation,Grassland,NF1,C7,Abax parallelepipedus,0.254,0.218,0.211,Dead,NA,NA,NA,NA,No,Yes
B116,B-Y-R-Y,Woodland,GT1,03/07/2025,04/07/2025,08/07/2025,Combined,Woodland,BN,C6,Abax parallelepipedus,0.299,0.234,0.096,Eaten,NA,NA,NA,NA,No,Yes. Eaten only shell left.
B140,G-R-G-Y,Grassland,NF2,17/07/2025,18/07/2025,21/07/2025,Translocation,Woodland,GT2,C11,Pterostichus madidus,0.138,0.133,0.021,Eaten,NA,NA,NA,NA,No,Yes. Most of the body was eaten only abdomen collected.
B198,Y-R-B-B,Grassland,NF1,10/07/2025,11/07/2025,14/07/2025,Control,Grassland,NF1,C7,Pterostichus madidus,0.141,0.134,NA,Eaten,NA,NA,NA,NA,No,Yes. Was eaten couldn’t recover any body parts.
B199,Y-R-B-G,Grassland,NF1,24/07/2025,25/07/2025,28/07/2025,Combined,Grassland,CF,C13,Pterostichus madidus,0.121,0.109,NA,Eaten,NA,NA,NA,NA,No,Yes
B225,Y-G-R-R,Grassland,NF1,25/07/2025,26/07/2025,29/07/2025,Control,Grassland,NF1,C1,Pterostichus madidus,0.156,0.136,0.095,Eaten,NA,NA,NA,NA,No,Yes. Body broken and eaten.
B231,Y-G-B-G,Grassland,NF1,31/07/2025,01/08/2025,04/08/2025,Translocation,Woodland,BN,C6,Abax parallelepipedus,0.291,0.281,NA,Eaten,NA,NA,NA,NA,No,Yes
B251,Y-Y-G-G,Woodland,MC,31/07/2025,01/08/2025,04/08/2025,Combined,Grassland,NF1,C18,Abax parallelepipedus,0.321,0.309,0.256,Eaten,NA,NA,NA,NA,No,Yes
B003,R-R-R-G,Woodland,GT1,04/06/2025,06/06/2025,09/06/2025,Competition,Woodland,MC,C3,Abax parallelepipedus,0.291,0.248,NA,Escaped,NA,NA,NA,NA,NA,Yes. Escaped.
B004,R-R-R-Y,Woodland,GT1,04/06/2025,06/06/2025,09/06/2025,Control,Woodland,BN,C6,Abax sp.,0.524,0.431,NA,Escaped,NA,NA,NA,NA,NA,Yes. Escaped.
B007,R-R-B-G,Woodland,MC,04/06/2025,06/06/2025,09/06/2025,Control,Woodland,GT1,C4,Nebria brevicollis,0.079,0.0615,NA,Escaped,NA,NA,NA,NA,NA,Yes. Escaped.
B008,R-R-B-Y,Woodland,MC,04/06/2025,06/06/2025,09/06/2025,Translocation,Grassland,NF1,C1,Nebria brevicollis,0.93,0.075,NA,Escaped,NA,NA,NA,NA,NA,Yes. Escaped.
B011,R-R-G-G,Grassland,NF1,11/06/2025,13/06/2025,16/06/2025,Competition,Grassland,NF1,C7,Abax parallelepipedus,0.292,0.222,NA,Escaped,NA,NA,NA,NA,NA,Yes. Looks like its’s close to dying. One beetle escaped and one found completely eaten and hollowed out.
B024,R-B-B-Y,Woodland,GT1,11/06/2025,13/06/2025,16/06/2025,Competition,Woodland,GT2,C11,Abax parallelepipedus,0.386,0.335,NA,Escaped,NA,NA,NA,NA,NA,Yes. Escaped. There were 2 beetles with no markings so I couldn’t tell which beetle it was but most likely not this one due the amount of weight loss.
B025,R-B-G-R,Grassland,CF,11/06/2025,13/06/2025,16/06/2025,Competition,Grassland,NF1,C7,Abax parallelepipedus,0.290,0.245,NA,Escaped,NA,NA,NA,NA,NA,Yes. One beetle escaped and one found completely eaten and hollowed out.
B038,R-G-B-B,Woodland,GT1,18/06/2025,20/06/2025,23/06/2025,Control,Woodland,GT1,C16,Abax parallelepipedus,0.263,0.241,NA,Escaped,NA,NA,NA,NA,NA,Yes. Testing release without nail polish. Trap found empty with slug. Could have died and was eaten by slug.
B039,R-G-B-G,Woodland,GT1,18/06/2025,20/06/2025,23/06/2025,Combined,Woodland,GT1,C4,Pterostichus madidus,0.154,0.142,NA,Escaped,NA,NA,NA,NA,NA,Yes. Testing release without nail polish. Escaped or eaten from cage.
B051,R-Y-R-G,Woodland,GT2,18/06/2025,20/06/2025,23/06/2025,Competition,Woodland,GT2,C11,Abax parallelepipedus,0.328,0.300,NA,Escaped,NA,NA,NA,NA,NA,Yes. Testing release without nail polish. Escaped or eaten from cage.
B073,B-R-G-R,Grassland,NF1,26/06/2025,27/06/2025,30/06/2025,Combined,Woodland,GT1,C4,Abax parallelepipedus,0.355,0.327,NA,Escaped,NA,NA,NA,NA,Yes,Yes. Close to laying eggs. Escaped
B077,B-R-Y-R,Woodland,BN,26/06/2025,27/06/2025,30/06/2025,Control,Woodland,GT1,C12,Pterostichus madidus,0.121,0.113,NA,Escaped,NA,NA,NA,NA,No,Yes. Was alive but escaped while collecting.
B080,B-R-Y-Y,Woodland,GT2,26/06/2025,27/06/2025,30/06/2025,Translocation,Grassland,LC,C19,Nebria brevicollis,0.060,0.052,NA,Escaped,NA,NA,NA,NA,No,Yes. Escaped.
B081,B-B-R-R,Woodland,GT2,26/06/2025,27/06/2025,30/06/2025,Combined,Woodland,GT1,C16,Pterostichus madidus,0.120,0.111,NA,Escaped,NA,NA,NA,NA,No,Yes. Escaped.
B083,B-B-R-G,Woodland,GT1,26/06/2025,27/06/2025,30/06/2025,Control,Woodland,GT2,C22,Abax parallelepipedus,0.382,0.336,NA,Escaped,NA,NA,NA,NA,Yes,Yes. Close to laying eggs.
B085,B-B-B-R,Woodland,MC,25/07/2025,26/07/2025,29/07/2025,Control,Woodland,BN,C25,Pterostichus madidus,0.105,0.100,NA,Escaped,NA,NA,NA,NA,No,Yes
B086,B-B-B-B,Woodland,MC,26/06/2025,27/06/2025,30/06/2025,Combined,Woodland,GT1,C4,Pterostichus madidus,0.185,0.160,NA,Escaped,NA,NA,NA,NA,No,Yes. Escaped.
B087,B-B-B-G,Woodland,MC,26/06/2025,27/06/2025,30/06/2025,Combined,Woodland,GT2,C2,Nebria brevicollis,0.068,0.064,NA,Escaped,NA,NA,NA,NA,No,Yes. Escaped.
B091,B-B-G-G,Grassland,NF1,27/06/2025,28/06/2025,01/07/2025,Competition,Grassland,NF2,C14,Abax parallelepipedus,0.281,0.234,NA,Escaped,NA,NA,NA,NA,No,Yes. Escaped.
B093,B-B-Y-R,Grassland,NF1,27/06/2025,28/06/2025,01/07/2025,Combined,Grassland,NF1,C18,Abax parallelepipedus,0.364,0.321,NA,Escaped,NA,NA,NA,NA,No,Yes. Escaped.
B094,B-B-Y-B,Grassland,NF1,27/06/2025,28/06/2025,01/07/2025,Combined,Grassland,NF2,C15,Pterostichus madidus,0.188,0.178,NA,Escaped,NA,NA,NA,NA,Yes,Yes. Close to laying eggs. Escaped
B098,B-G-R-B,Woodland,MC,27/06/2025,28/06/2025,01/07/2025,Combined,Woodland,MC,C23,Nebria brevicollis,0.061,0.057,NA,Escaped,NA,NA,NA,NA,No,Yes. Escaped.
B100,B-G-R-Y,Woodland,GT2,27/06/2025,28/06/2025,01/07/2025,Combined,Woodland,BN,C6,Nebria brevicollis,0.075,0.073,NA,Escaped,NA,NA,NA,NA,No,Yes. Escaped.
B101,B-G-B-R,Woodland,GT2,27/06/2025,28/06/2025,01/07/2025,Combined,Grassland,NF2,C15,Nebria brevicollis,0.059,0.069,NA,Escaped,NA,NA,NA,NA,No,Yes. Escaped.
B102,B-G-B-B,Woodland,GT2,27/06/2025,28/06/2025,01/07/2025,Combined,Grassland,NF1,C18,Leistus fulvibarbis,0.066,0.053,NA,Escaped,NA,NA,NA,NA,No,Yes. Escaped.
B103,B-G-B-G,Woodland,GT2,27/06/2025,28/06/2025,01/07/2025,Competition,Woodland,MC,C10,Abax parallelepipedus,0.354,0.324,NA,Escaped,NA,NA,NA,NA,Yes,Yes. Close to laying eggs.
B107,B-G-G-G,Grassland,CF,03/07/2025,04/07/2025,08/07/2025,Combined,Woodland,BN,C6,Pterostichus madidus,0.132,0.119,NA,Escaped,NA,NA,NA,NA,No,Yes
B115,B-Y-R-G,Woodland,GT2,03/07/2025,04/07/2025,08/07/2025,Translocation,Grassland,NF2,C21,Pterostichus madidus,0.133,0.122,NA,Escaped,NA,NA,NA,NA,No,Yes
B120,B-Y-B-Y,Woodland,GT1,03/07/2025,04/07/2025,08/07/2025,Competition,Grassland,CF,C5,Pterostichus madidus,0.155,0.142,NA,Escaped,NA,NA,NA,NA,No,Yes
B128,B-Y-Y-Y,Grassland,LC,03/07/2025,04/07/2025,08/07/2025,Combined,Woodland,GT2,C11,Pterostichus madidus,0.093,0.680,NA,Escaped,NA,NA,NA,NA,No,Yes
B129,G-R-R-R,Grassland,LC,03/07/2025,04/07/2025,08/07/2025,Competition,Grassland,LC,C20,Calathus fuscipes,0.074,0.067,NA,Escaped,NA,NA,NA,NA,No,Yes
B131,G-R-R-G,Woodland,BN,03/07/2025,04/07/2025,08/07/2025,Combined,Grassland,NF1,C18,Abax sp.,0.633,0.587,NA,Escaped,NA,NA,NA,NA,No,Yes
B132,G-R-R-Y,Woodland,BN,03/07/2025,04/07/2025,08/07/2025,Competition,Woodland,MC,C23,Pterostichus madidus,0.167,0.152,NA,Escaped,NA,NA,NA,NA,No,Yes
B134,G-R-B-B,Woodland,BN,03/07/2025,04/07/2025,08/07/2025,Combined,Grassland,CF,C17,Abax sp.,0.678,0.559,NA,Escaped,NA,NA,NA,NA,No,Yes
B135,G-R-B-G,Woodland,BN,03/07/2025,04/07/2025,08/07/2025,Competition,Woodland,GT2,C22,Pterostichus madidus,0.131,0.113,NA,Escaped,NA,NA,NA,NA,No,Yes
B137,G-R-G-R,Grassland,CF,17/07/2025,18/07/2025,21/07/2025,Translocation,Woodland,BN,C6,Abax sp.,0.337,0.332,NA,Escaped,NA,NA,NA,NA,No,Yes
B138,G-R-G-B,Grassland,CF,17/07/2025,18/07/2025,21/07/2025,Translocation,Woodland,GT1,C16,Abax sp.,0.353,0.332,NA,Escaped,NA,NA,NA,NA,No,Yes
B141,G-R-Y-R,Grassland,NF2,17/07/2025,18/07/2025,21/07/2025,Translocation,Woodland,MC,C26,Pterostichus madidus,0.166,0.165,NA,Escaped,NA,NA,NA,NA,No,Yes
B142,G-R-Y-B,Grassland,NF1,17/07/2025,18/07/2025,21/07/2025,Translocation,Woodland,MC,C10,Pterostichus madidus,0.131,0.124,NA,Escaped,NA,NA,NA,NA,No,Yes.
B145,G-B-R-R,Grassland,NF1,17/07/2025,18/07/2025,21/07/2025,Translocation,Woodland,GT1,C4,Pterostichus madidus,0.106,0.104,NA,Escaped,NA,NA,NA,NA,No,Yes. Accidental blue streak
B147,G-B-R-G,Grassland,NF1,17/07/2025,18/07/2025,21/07/2025,Translocation,Woodland,GT2,C2,Pterostichus madidus,0.122,0.115,NA,Escaped,NA,NA,NA,NA,No,Yes
B152,G-B-B-Y,Woodland,BN,17/07/2025,18/07/2025,21/07/2025,Translocation,Grassland,LC,C20,Pterostichus madidus,0.102,0.091,NA,Escaped,NA,NA,NA,NA,No,Yes
B155,G-B-G-G,Woodland,MC,17/07/2025,18/07/2025,21/07/2025,Translocation,Grassland,CF,C17,Pterostichus madidus,0.132,0.129,NA,Escaped,NA,NA,NA,NA,No,Yes
B156,G-B-G-Y,Woodland,MC,17/07/2025,18/07/2025,21/07/2025,Translocation,Grassland,LC,C24,Pterostichus madidus,0.120,0.113,NA,Escaped,NA,NA,NA,NA,No,Yes. Accidental yellow streak on top right abdomen.
B159,G-B-Y-G,Woodland,MC,17/07/2025,18/07/2025,21/07/2025,Translocation,Grassland,NF2,C15,Nebria brevicollis,0.051,0.051,NA,Escaped,NA,NA,NA,NA,No,Yes. Accidental green streak on top left abdomen. Accidental blue dot on bottom right abdomen with green dot on top of it.
B163,G-G-R-G,Grassland,NF1,03/07/2025,04/07/2025,08/07/2025,Competition,Grassland,NF2,C14,Pterostichus madidus,0.116,0.101,NA,Escaped,NA,NA,NA,NA,No,Yes
B173,G-G-Y-R,Grassland,NF1,03/07/2025,04/07/2025,08/07/2025,Competition,Grassland,NF2,C15,Abax parallelepipedus,0.256,0.288,NA,Escaped,NA,NA,NA,NA,No,Yes
B178,G-Y-R-B,Woodland,GT1,17/07/2025,18/07/2025,21/07/2025,Translocation,Grassland,NF1,C7,Abax parallelepipedus,0.290,0.275,NA,Escaped,NA,NA,NA,NA,No,Yes
B203,Y-R-G-G,Grassland,NF2,24/07/2025,25/07/2025,28/07/2025,Combined,Grassland,CF,C5,Abax parallelepipedus,0.398,0.382,NA,Escaped,NA,NA,NA,NA,No,Yes
B208,Y-R-Y-Y,Woodland,GT2,24/07/2025,25/07/2025,28/07/2025,Combined,Grassland,LC,C24,Pterostichus madidus,0.175,0.166,NA,Escaped,NA,NA,NA,NA,No,Yes
B209,Y-B-R-R,Woodland,GT2,24/07/2025,25/07/2025,28/07/2025,Combined,Grassland,CF,C13,Abax parallelepipedus,0.313,0.303,NA,Escaped,NA,NA,NA,NA,No,Yes
B220,Y-B-G-Y,Woodland,GT2,25/07/2025,26/07/2025,29/07/2025,Control,Woodland,MC,C23,Abax parallelepipedus,0.291,0.271,NA,Escaped,NA,NA,NA,NA,No,Yes
B223,Y-B-Y-G,Woodland,BN,25/07/2025,26/07/2025,29/07/2025,Translocation,Grassland,NF2,C15,Abax sp.,0.368,0.322,NA,Escaped,NA,NA,NA,NA,No,Yes
B226,Y-G-R-B,Grassland,NF1,25/07/2025,26/07/2025,29/07/2025,Control,Grassland,NF2,C14,Pterostichus madidus,0.120,0.110,NA,Escaped,NA,NA,NA,NA,No,Yes
B227,Y-G-R-G,Grassland,NF2,25/07/2025,26/07/2025,29/07/2025,Combined,Grassland,NF2,C21,Pterostichus madidus,0.108,0.101,NA,Escaped,NA,NA,NA,NA,No,Yes
B228,Y-G-R-Y,Grassland,NF2,25/07/2025,26/07/2025,29/07/2025,Translocation,Woodland,MC,C10,Pterostichus madidus,0.110,0.100,NA,Escaped,NA,NA,NA,NA,No,Yes
B230,Y-G-B-B,Grassland,NF2,25/07/2025,26/07/2025,29/07/2025,Control,Grassland,NF1,C18,Pterostichus madidus,0.137,0.127,NA,Escaped,NA,NA,NA,NA,No,Yes
B232,Y-G-B-Y,Grassland,NF1,31/07/2025,01/08/2025,04/08/2025,Competition,Grassland,CF,C13,Abax parallelepipedus,0.282,0.262,NA,Escaped,NA,NA,NA,NA,No,Yes
B233,Y-G-G-R,Grassland,NF1,31/07/2025,01/08/2025,04/08/2025,Translocation,Woodland,GT1,C16,Pterostichus madidus,0.151,0.139,NA,Escaped,NA,NA,NA,NA,No,Yes
B234,Y-G-G-B,Grassland,NF1,31/07/2025,01/08/2025,04/08/2025,Translocation,Woodland,GT2,C11,Abax parallelepipedus,0.342,0.320,NA,Escaped,NA,NA,NA,NA,Yes,Yes. Has a little parasite thing on it
B239,Y-G-Y-G,Grassland,NF1,31/07/2025,01/08/2025,04/08/2025,Translocation,Woodland,BN,C8,Abax parallelepipedus,0.308,0.292,NA,Escaped,NA,NA,NA,NA,No,Yes
B241,Y-Y-R-R,Grassland,NF2,31/07/2025,01/08/2025,04/08/2025,Translocation,Woodland,GT1,C4,Abax sp.,0.708,0.497,NA,Escaped,NA,NA,NA,NA,Yes,Yes
B244,Y-Y-R-Y,Grassland,NF2,31/07/2025,01/08/2025,04/08/2025,Combined,Grassland,NF1,C18,Pterostichus madidus,0.136,0.126,NA,Escaped,NA,NA,NA,NA,No,Yes
B246,Y-Y-B-B,Grassland,NF2,31/07/2025,01/08/2025,04/08/2025,Control,Grassland,CF,C17,Pterostichus madidus,0.150,0.134,NA,Escaped,NA,NA,NA,NA,No,Yes
B248,Y-Y-B-Y,Grassland,CF,31/07/2025,01/08/2025,04/08/2025,Control,Grassland,CF,C5,Abax sp.,0.413,0.381,NA,Escaped,NA,NA,NA,NA,No,Yes
B249,Y-Y-G-R,Grassland,CF,31/07/2025,01/08/2025,04/08/2025,Control,Grassland,LC,C19,Nebria brevicollis,0.052,0.047,NA,Escaped,NA,NA,NA,NA,No,Yes
B254,Y-Y-Y-B,Woodland,BN,31/07/2025,01/08/2025,04/08/2025,Control,Woodland,MC,C23,Pterostichus madidus,0.108,0.098,NA,Escaped,NA,NA,NA,NA,No,Yes. Weird movement in front legs might be injured. Might die soon.
B255,Y-Y-Y-G,Woodland,GT2,31/07/2025,01/08/2025,04/08/2025,Control,Woodland,MC,C3,Abax parallelepipedus,0.287,0.277,NA,Escaped,NA,NA,NA,NA,No,Yes
B256,Y-Y-Y-Y,Woodland,GT2,31/07/2025,01/08/2025,04/08/2025,Competition,Woodland,BN,C25,Abax parallelepipedus,0.382,0.367,NA,Escaped,NA,NA,NA,NA,No,Yes
B257,R-R-R-R,Woodland,GT2,31/07/2025,01/08/2025,04/08/2025,Competition,Woodland,GT1,C12,Abax parallelepipedus,0.252,0.243,NA,Escaped,NA,NA,NA,NA,No,Yes. Left front leg broken.
B259,,,,,,,,,,,,,,,,,,,,,
B260,,,,,,,,,,,,,,,,,,,,,
B261,,,,,,,,,,,,,,,,,,,,,
B262,,,,,,,,,,,,,,,,,,,,,
B263,,,,,,,,,,,,,,,,,,,,,
B264,,,,,,,,,,,,,,,,,,,,,
B265,,,,,,,,,,,,,,,,,,,,,
B266,,,,,,,,,,,,,,,,,,,,,
B267,,,,,,,,,,,,,,,,,,,,,
B268,,,,,,,,,,,,,,,,,,,,,
B269,,,,,,,,,,,,,,,,,,,,,
B270,,,,,,,,,,,,,,,,,,,,,
B271,,,,,,,,,,,,,,,,,,,,,
B272,,,,,,,,,,,,,,,,,,,,,
B273,,,,,,,,,,,,,,,,,,,,,
B274,,,,,,,,,,,,,,,,,,,,,
B275,,,,,,,,,,,,,,,,,,,,,
B276,,,,,,,,,,,,,,,,,,,,,
B277,,,,,,,,,,,,,,,,,,,,,
B278,,,,,,,,,,,,,,,,,,,,,
B279,,,,,,,,,,,,,,,,,,,,,
B280,,,,,,,,,,,,,,,,,,,,,
B281,,,,,,,,,,,,,,,,,,,,,
B282,,,,,,,,,,,,,,,,,,,,,
B283,,,,,,,,,,,,,,,,,,,,,
B284,,,,,,,,,,,,,,,,,,,,,
B285,,,,,,,,,,,,,,,,,,,,,
B286,,,,,,,,,,,,,,,,,,,,,
B287,,,,,,,,,,,,,,,,,,,,,
B288,,,,,,,,,,,,,,,,,,,,,
B289,,,,,,,,,,,,,,,,,,,,,
B290,,,,,,,,,,,,,,,,,,,,,
B291,,,,,,,,,,,,,,,,,,,,,
B292,,,,,,,,,,,,,,,,,,,,,
B293,,,,,,,,,,,,,,,,,,,,,
B294,,,,,,,,,,,,,,,,,,,,,
B295,,,,,,,,,,,,,,,,,,,,,
B296,,,,,,,,,,,,,,,,,,,,,
B297,,,,,,,,,,,,,,,,,,,,,
B298,,,,,,,,,,,,,,,,,,,,,
B299,,,,,,,,,,,,,,,,,,,,,
B300,,,,,,,,,,,,,,,,,,,,,
B301,,,,,,,,,,,,,,,,,,,,,
B302,,,,,,,,,,,,,,,,,,,,,
B303,,,,,,,,,,,,,,,,,,,,,
B304,,,,,,,,,,,,,,,,,,,,,
B305,,,,,,,,,,,,,,,,,,,,,
B306,,,,,,,,,,,,,,,,,,,,,
B307,,,,,,,,,,,,,,,,,,,,,
B308,,,,,,,,,,,,,,,,,,,,,
B309,,,,,,,,,,,,,,,,,,,,,
B310,,,,,,,,,,,,,,,,,,,,,
B311,,,,,,,,,,,,,,,,,,,,,
B312,,,,,,,,,,,,,,,,,,,,,
B313,,,,,,,,,,,,,,,,,,,,,
B314,,,,,,,,,,,,,,,,,,,,,
B315,,,,,,,,,,,,,,,,,,,,,
B316,,,,,,,,,,,,,,,,,,,,,
B317,,,,,,,,,,,,,,,,,,,,,
B318,,,,,,,,,,,,,,,,,,,,,
B319,,,,,,,,,,,,,,,,,,,,,
B320,,,,,,,,,,,,,,,,,,,,,
B321,,,,,,,,,,,,,,,,,,,,,
B322,,,,,,,,,,,,,,,,,,,,,
B323,,,,,,,,,,,,,,,,,,,,,
B324,,,,,,,,,,,,,,,,,,,,,
B325,,,,,,,,,,,,,,,,,,,,,
B326,,,,,,,,,,,,,,,,,,,,,
B327,,,,,,,,,,,,,,,,,,,,,
B328,,,,,,,,,,,,,,,,,,,,,
B329,,,,,,,,,,,,,,,,,,,,,
B330,,,,,,,,,,,,,,,,,,,,,
B331,,,,,,,,,,,,,,,,,,,,,
B332,,,,,,,,,,,,,,,,,,,,,
B333,,,,,,,,,,,,,,,,,,,,,
B334,,,,,,,,,,,,,,,,,,,,,
B335,,,,,,,,,,,,,,,,,,,,,
B336,,,,,,,,,,,,,,,,,,,,,
B337,,,,,,,,,,,,,,,,,,,,,
B338,,,,,,,,,,,,,,,,,,,,,
B339,,,,,,,,,,,,,,,,,,,,,
B340,,,,,,,,,,,,,,,,,,,,,
B341,,,,,,,,,,,,,,,,,,,,,
B342,,,,,,,,,,,,,,,,,,,,,
B343,,,,,,,,,,,,,,,,,,,,,
B344,,,,,,,,,,,,,,,,,,,,,
B345,,,,,,,,,,,,,,,,,,,,,
B346,,,,,,,,,,,,,,,,,,,,,
B347,,,,,,,,,,,,,,,,,,,,,
B348,,,,,,,,,,,,,,,,,,,,,
B349,,,,,,,,,,,,,,,,,,,,,
B350,,,,,,,,,,,,,,,,,,,,,
B351,,,,,,,,,,,,,,,,,,,,,
B352,,,,,,,,,,,,,,,,,,,,,
B353,,,,,,,,,,,,,,,,,,,,,
B354,,,,,,,,,,,,,,,,,,,,,
B355,,,,,,,,,,,,,,,,,,,,,
B356,,,,,,,,,,,,,,,,,,,,,
B357,,,,,,,,,,,,,,,,,,,,,
B358,,,,,,,,,,,,,,,,,,,,,
B359,,,,,,,,,,,,,,,,,,,,,
B360,,,,,,,,,,,,,,,,,,,,,
B361,,,,,,,,,,,,,,,,,,,,,
B362,,,,,,,,,,,,,,,,,,,,,
B363,,,,,,,,,,,,,,,,,,,,,
B364,,,,,,,,,,,,,,,,,,,,,
B365,,,,,,,,,,,,,,,,,,,,,
B366,,,,,,,,,,,,,,,,,,,,,
B367,,,,,,,,,,,,,,,,,,,,,
B368,,,,,,,,,,,,,,,,,,,,,
B369,,,,,,,,,,,,,,,,,,,,,
B370,,,,,,,,,,,,,,,,,,,,,
B371,,,,,,,,,,,,,,,,,,,,,
B372,,,,,,,,,,,,,,,,,,,,,
B373,,,,,,,,,,,,,,,,,,,,,
B374,,,,,,,,,,,,,,,,,,,,,
B375,,,,,,,,,,,,,,,,,,,,,
B376,,,,,,,,,,,,,,,,,,,,,
B377,,,,,,,,,,,,,,,,,,,,,
B378,,,,,,,,,,,,,,,,,,,,,
B379,,,,,,,,,,,,,,,,,,,,,
B380,,,,,,,,,,,,,,,,,,,,,
B381,,,,,,,,,,,,,,,,,,,,,
B382,,,,,,,,,,,,,,,,,,,,,
B383,,,,,,,,,,,,,,,,,,,,,
B384,,,,,,,,,,,,,,,,,,,,,
B385,,,,,,,,,,,,,,,,,,,,,
B386,,,,,,,,,,,,,,,,,,,,,
B387,,,,,,,,,,,,,,,,,,,,,
B388,,,,,,,,,,,,,,,,,,,,,
B389,,,,,,,,,,,,,,,,,,,,,
B390,,,,,,,,,,,,,,,,,,,,,
B391,,,,,,,,,,,,,,,,,,,,,
